-- ============================================================
-- Generated Seed Data: Salah First Pathway
-- Generated by tools/seed-pipeline on 2026-02-13
-- Total: 145 words, 6 units, 24 lessons
-- ============================================================

-- ============================================================
-- Pathway: Salah First
-- ============================================================
INSERT INTO public.pathways (id, name, slug, description, promise, total_words, total_units, preview_items, is_active)
VALUES (
  'salah-first',
  'Salah First',
  'salah-first',
  'Master the vocabulary of your daily prayers',
  'Understand every word you say in salah',
  145,
  6,
  ARRAY['Surah Al-Fatiha — every word explained', 'Prayer position phrases (ruku, sujood)', 'Essential du''as & adhkar'],
  true
)
ON CONFLICT (id) DO NOTHING;

-- ============================================================
-- Units (6)
-- ============================================================
INSERT INTO public.units (id, pathway_id, name, description, "order", word_count)
VALUES (
  'sf-u1-fatiha',
  'salah-first',
  'Al-Fatiha',
  'The Opening — Learn every word of the most recited chapter',
  1,
  24
)
ON CONFLICT (id) DO NOTHING;

INSERT INTO public.units (id, pathway_id, name, description, "order", word_count)
VALUES (
  'sf-u2-protection',
  'salah-first',
  'The Protection Surahs',
  'Al-Ikhlas, Al-Falaq & An-Nas — Surahs of refuge and faith',
  2,
  30
)
ON CONFLICT (id) DO NOTHING;

INSERT INTO public.units (id, pathway_id, name, description, "order", word_count)
VALUES (
  'sf-u3-wisdom',
  'salah-first',
  'The Wisdom Surahs',
  'Al-Asr, Al-Kawthar & Al-Kafirun — Time, abundance and conviction',
  3,
  26
)
ON CONFLICT (id) DO NOTHING;

INSERT INTO public.units (id, pathway_id, name, description, "order", word_count)
VALUES (
  'sf-u4-standing',
  'salah-first',
  'Standing & Bowing',
  'Opening dua, ruku and rising — The adhkar of standing before Allah',
  4,
  19
)
ON CONFLICT (id) DO NOTHING;

INSERT INTO public.units (id, pathway_id, name, description, "order", word_count)
VALUES (
  'sf-u5-prostration',
  'salah-first',
  'Prostration & Sitting',
  'Sujood and Tashahhud — The closest you are to your Lord',
  5,
  24
)
ON CONFLICT (id) DO NOTHING;

INSERT INTO public.units (id, pathway_id, name, description, "order", word_count)
VALUES (
  'sf-u6-closing',
  'salah-first',
  'Durood & Closing',
  'Salawat and final duas — Completing your prayer with peace',
  6,
  22
)
ON CONFLICT (id) DO NOTHING;

-- ============================================================
-- Lessons (24)
-- ============================================================
INSERT INTO public.lessons (id, unit_id, name, "order", word_count, lesson_type)
VALUES (
  'sf-u1-l1',
  'sf-u1-fatiha',
  'Ayat 1-3: The Opening Praise',
  1,
  8,
  'word'
)
ON CONFLICT (id) DO NOTHING;

INSERT INTO public.lessons (id, unit_id, name, "order", word_count, lesson_type)
VALUES (
  'sf-u1-l2',
  'sf-u1-fatiha',
  'Ayat 4-5: Master & Worship',
  2,
  6,
  'word'
)
ON CONFLICT (id) DO NOTHING;

INSERT INTO public.lessons (id, unit_id, name, "order", word_count, lesson_type)
VALUES (
  'sf-u1-l3',
  'sf-u1-fatiha',
  'Ayat 6-7: The Straight Path',
  3,
  10,
  'word'
)
ON CONFLICT (id) DO NOTHING;

INSERT INTO public.lessons (id, unit_id, name, "order", word_count, lesson_type)
VALUES (
  'sf-root-rhm',
  'sf-u1-fatiha',
  'Root: Mercy (ر-ح-م)',
  4,
  0,
  'root'
)
ON CONFLICT (id) DO NOTHING;

INSERT INTO public.lessons (id, unit_id, name, "order", word_count, lesson_type)
VALUES (
  'sf-root-abd',
  'sf-u1-fatiha',
  'Root: Worship (ع-ب-د)',
  5,
  0,
  'root'
)
ON CONFLICT (id) DO NOTHING;

INSERT INTO public.lessons (id, unit_id, name, "order", word_count, lesson_type)
VALUES (
  'sf-u2-l1',
  'sf-u2-protection',
  'Al-Ikhlas: Pure Monotheism',
  1,
  10,
  'word'
)
ON CONFLICT (id) DO NOTHING;

INSERT INTO public.lessons (id, unit_id, name, "order", word_count, lesson_type)
VALUES (
  'sf-u2-l2',
  'sf-u2-protection',
  'Al-Falaq: Seeking Refuge in Dawn',
  2,
  12,
  'word'
)
ON CONFLICT (id) DO NOTHING;

INSERT INTO public.lessons (id, unit_id, name, "order", word_count, lesson_type)
VALUES (
  'sf-u2-l3',
  'sf-u2-protection',
  'An-Nas: Seeking Refuge in Mankind',
  3,
  8,
  'word'
)
ON CONFLICT (id) DO NOTHING;

INSERT INTO public.lessons (id, unit_id, name, "order", word_count, lesson_type)
VALUES (
  'sf-root-qwl',
  'sf-u2-protection',
  'Root: Say (ق-و-ل)',
  4,
  0,
  'root'
)
ON CONFLICT (id) DO NOTHING;

INSERT INTO public.lessons (id, unit_id, name, "order", word_count, lesson_type)
VALUES (
  'sf-u3-l1',
  'sf-u3-wisdom',
  'Al-Asr: The Declining Time',
  1,
  9,
  'word'
)
ON CONFLICT (id) DO NOTHING;

INSERT INTO public.lessons (id, unit_id, name, "order", word_count, lesson_type)
VALUES (
  'sf-u3-l2',
  'sf-u3-wisdom',
  'Al-Kawthar: The Abundance',
  2,
  7,
  'word'
)
ON CONFLICT (id) DO NOTHING;

INSERT INTO public.lessons (id, unit_id, name, "order", word_count, lesson_type)
VALUES (
  'sf-u3-l3',
  'sf-u3-wisdom',
  'Al-Kafirun: The Disbelievers',
  3,
  10,
  'word'
)
ON CONFLICT (id) DO NOTHING;

INSERT INTO public.lessons (id, unit_id, name, "order", word_count, lesson_type)
VALUES (
  'sf-root-aml',
  'sf-u3-wisdom',
  'Root: Deeds (ع-م-ل)',
  4,
  0,
  'root'
)
ON CONFLICT (id) DO NOTHING;

INSERT INTO public.lessons (id, unit_id, name, "order", word_count, lesson_type)
VALUES (
  'sf-u4-l1',
  'sf-u4-standing',
  'Opening Dua: Glory to You, O Allah',
  1,
  9,
  'word'
)
ON CONFLICT (id) DO NOTHING;

INSERT INTO public.lessons (id, unit_id, name, "order", word_count, lesson_type)
VALUES (
  'sf-u4-l2',
  'sf-u4-standing',
  'Ruku & Rising: Glory and Praise',
  2,
  10,
  'word'
)
ON CONFLICT (id) DO NOTHING;

INSERT INTO public.lessons (id, unit_id, name, "order", word_count, lesson_type)
VALUES (
  'sf-root-sbh',
  'sf-u4-standing',
  'Root: Glory (س-ب-ح)',
  3,
  0,
  'root'
)
ON CONFLICT (id) DO NOTHING;

INSERT INTO public.lessons (id, unit_id, name, "order", word_count, lesson_type)
VALUES (
  'sf-root-hmd',
  'sf-u4-standing',
  'Root: Praise (ح-م-د)',
  4,
  0,
  'root'
)
ON CONFLICT (id) DO NOTHING;

INSERT INTO public.lessons (id, unit_id, name, "order", word_count, lesson_type)
VALUES (
  'sf-u5-l1',
  'sf-u5-prostration',
  'Sujood: The Nearest Position',
  1,
  8,
  'word'
)
ON CONFLICT (id) DO NOTHING;

INSERT INTO public.lessons (id, unit_id, name, "order", word_count, lesson_type)
VALUES (
  'sf-u5-l2',
  'sf-u5-prostration',
  'Tashahhud: Greetings to Allah',
  2,
  16,
  'word'
)
ON CONFLICT (id) DO NOTHING;

INSERT INTO public.lessons (id, unit_id, name, "order", word_count, lesson_type)
VALUES (
  'sf-root-ghfr',
  'sf-u5-prostration',
  'Root: Forgiveness (غ-ف-ر)',
  3,
  0,
  'root'
)
ON CONFLICT (id) DO NOTHING;

INSERT INTO public.lessons (id, unit_id, name, "order", word_count, lesson_type)
VALUES (
  'sf-u6-l1',
  'sf-u6-closing',
  'Durood: Blessings Upon the Prophet',
  1,
  10,
  'word'
)
ON CONFLICT (id) DO NOTHING;

INSERT INTO public.lessons (id, unit_id, name, "order", word_count, lesson_type)
VALUES (
  'sf-u6-l2',
  'sf-u6-closing',
  'Final Dua: Before the Salam',
  2,
  12,
  'word'
)
ON CONFLICT (id) DO NOTHING;

INSERT INTO public.lessons (id, unit_id, name, "order", word_count, lesson_type)
VALUES (
  'sf-root-slm',
  'sf-u6-closing',
  'Root: Peace (س-ل-م)',
  3,
  0,
  'root'
)
ON CONFLICT (id) DO NOTHING;

INSERT INTO public.lessons (id, unit_id, name, "order", word_count, lesson_type)
VALUES (
  'sf-root-slw',
  'sf-u6-closing',
  'Root: Prayer (ص-ل-و)',
  4,
  0,
  'root'
)
ON CONFLICT (id) DO NOTHING;

-- ============================================================
-- Roots (63)
-- ============================================================
INSERT INTO public.roots (id, letters, meaning, transliteration) VALUES
  ('r-smw', 'س-م-و', 'name, attribute', 's-m-w'),
  ('r-ilh', 'ا-ل-ه', 'god, deity', 'a-l-h'),
  ('r-hmd', 'ح-م-د', 'praise, commendation', 'h-m-d'),
  ('r-rbb', 'ر-ب-ب', 'lord, master, sustainer', 'r-b-b'),
  ('r-rhm', 'ر-ح-م', 'mercy, compassion', 'r-h-m'),
  ('r-alm', 'ع-ل-م', 'to know, worlds', 'ayn-l-m'),
  ('r-mlk', 'م-ل-ك', 'king, dominion, authority', 'm-l-k'),
  ('r-dwn', 'د-ي-ن', 'religion, judgment, recompense', 'd-y-n'),
  ('r-abd', 'ع-ب-د', 'worship, servitude', 'ayn-b-d'),
  ('r-awn', 'ع-و-ن', 'help, assistance', 'ayn-w-n'),
  ('r-hdy', 'ه-د-ي', 'guidance, right path', 'h-d-y'),
  ('r-srt', 'ص-ر-ط', 'path, way', 's-r-t'),
  ('r-qwm', 'ق-و-م', 'stand, upright, establish', 'q-w-m'),
  ('r-nam', 'ن-ع-م', 'blessing, favor, grace', 'n-ayn-m'),
  ('r-ghdb', 'غ-ض-ب', 'anger, wrath', 'gh-d-b'),
  ('r-dll', 'ض-ل-ل', 'go astray, err', 'd-l-l'),
  ('r-qwl', 'ق-و-ل', 'say, speech', 'q-w-l'),
  ('r-ahd', 'ا-ح-د', 'one, unique', 'a-h-d'),
  ('r-smd', 'ص-م-د', 'eternal, absolute', 's-m-d'),
  ('r-wld', 'و-ل-د', 'beget, offspring', 'w-l-d'),
  ('r-kfw', 'ك-ف-و', 'equal, comparable', 'k-f-w'),
  ('r-flq', 'ف-ل-ق', 'split, daybreak', 'f-l-q'),
  ('r-khlo', 'خ-ل-ق', 'create, creation', 'kh-l-q'),
  ('r-shr', 'ش-ر-ر', 'evil, harm', 'sh-r-r'),
  ('r-nfth', 'ن-ف-ث', 'blow, whisper', 'n-f-th'),
  ('r-aqd', 'ع-ق-د', 'tie, knot', 'ayn-q-d'),
  ('r-hsd', 'ح-س-د', 'envy, jealousy', 'h-s-d'),
  ('r-nws', 'ن-و-س', 'people, mankind', 'n-w-s'),
  ('r-wswis', 'و-س-و-س', 'whisper, tempt', 'w-s-w-s'),
  ('r-khn', 'خ-ن-س', 'retreat, slink away', 'kh-n-s'),
  ('r-sdr', 'ص-د-ر', 'chest, breast', 's-d-r'),
  ('r-jnn', 'ج-ن-ن', 'hidden, jinn', 'j-n-n'),
  ('r-asr', 'ع-ص-ر', 'time, era, squeeze', 'ayn-s-r'),
  ('r-khs', 'خ-س-ر', 'loss, diminish', 'kh-s-r'),
  ('r-amn', 'ا-م-ن', 'believe, faith, security', 'a-m-n'),
  ('r-aml', 'ع-م-ل', 'action, deed, work', 'ayn-m-l'),
  ('r-slh', 'ص-ل-ح', 'righteous, reform, good', 's-l-h'),
  ('r-wsy', 'و-ص-ي', 'advise, enjoin', 'w-s-y'),
  ('r-hqq', 'ح-ق-ق', 'truth, right, reality', 'h-q-q'),
  ('r-sbr', 'ص-ب-ر', 'patience, perseverance', 's-b-r'),
  ('r-kwth', 'ك-و-ث-ر', 'abundance, plenty', 'k-w-th-r'),
  ('r-aty', 'ع-ط-و', 'give, grant', 'ayn-t-w'),
  ('r-slw', 'ص-ل-و', 'prayer, connection', 's-l-w'),
  ('r-nhr', 'ن-ح-ر', 'sacrifice, slaughter', 'n-h-r'),
  ('r-shna', 'ش-ن-ا', 'hate, detest', 'sh-n-a'),
  ('r-btr', 'ب-ت-ر', 'cut off, sever', 'b-t-r'),
  ('r-kfr', 'ك-ف-ر', 'disbelieve, deny, cover', 'k-f-r'),
  ('r-sbh', 'س-ب-ح', 'glory, exalt, swim', 's-b-h'),
  ('r-adm', 'ع-ظ-م', 'great, mighty', 'ayn-z-m'),
  ('r-smaa', 'س-م-ع', 'hear, listen', 's-m-ayn'),
  ('r-ala', 'ع-ل-و', 'high, exalted', 'ayn-l-w'),
  ('r-ghfr', 'غ-ف-ر', 'forgive, cover, pardon', 'gh-f-r'),
  ('r-hyy', 'ح-ي-ي', 'life, living, greet', 'h-y-y'),
  ('r-tyb', 'ط-ي-ب', 'good, pure, pleasant', 't-y-b'),
  ('r-slm', 'س-ل-م', 'peace, submission, safety', 's-l-m'),
  ('r-brk', 'ب-ر-ك', 'blessing, abundance', 'b-r-k'),
  ('r-shd', 'ش-ه-د', 'witness, testify', 'sh-h-d'),
  ('r-rsl', 'ر-س-ل', 'send, messenger', 'r-s-l'),
  ('r-nby', 'ن-ب-و', 'prophet, news', 'n-b-w'),
  ('r-awdh', 'ع-و-ذ', 'seek refuge', 'ayn-w-dh'),
  ('r-adhb', 'ع-ذ-ب', 'punishment, torment', 'ayn-dh-b'),
  ('r-ftn', 'ف-ت-ن', 'trial, temptation, test', 'f-t-n'),
  ('r-mwt', 'م-و-ت', 'death, die', 'm-w-t')
ON CONFLICT (id) DO NOTHING;

-- ============================================================
-- Words (145)
-- ============================================================
-- Ayat 1-3: The Opening Praise
INSERT INTO public.words (id, lesson_id, arabic, transliteration, meaning, audio_url, "order") VALUES
  ('w-bismi', 'sf-u1-l1', 'بِسْمِ', 'bismi', 'In the name of', 'https://audio.qurancdn.com/wbw/001_001_001.mp3', 1),
  ('w-allahi', 'sf-u1-l1', 'اللَّهِ', 'Allahi', 'Allah (God)', 'https://audio.qurancdn.com/wbw/001_001_002.mp3', 2),
  ('w-arrahman', 'sf-u1-l1', 'الرَّحْمَنِ', 'ar-Rahmani', 'the Most Gracious', 'https://audio.qurancdn.com/wbw/001_001_003.mp3', 3),
  ('w-arraheem', 'sf-u1-l1', 'الرَّحِيمِ', 'ar-Raheemi', 'the Most Merciful', 'https://audio.qurancdn.com/wbw/001_001_004.mp3', 4),
  ('w-alhamdu', 'sf-u1-l1', 'الْحَمْدُ', 'al-Hamdu', 'All praise', 'https://audio.qurancdn.com/wbw/001_002_001.mp3', 5),
  ('w-lillahi', 'sf-u1-l1', 'لِلَّهِ', 'lillahi', 'is for Allah', 'https://audio.qurancdn.com/wbw/001_002_002.mp3', 6),
  ('w-rabbi', 'sf-u1-l1', 'رَبِّ', 'Rabbi', 'Lord of', 'https://audio.qurancdn.com/wbw/001_002_003.mp3', 7),
  ('w-alameen', 'sf-u1-l1', 'الْعَالَمِينَ', 'al-''Aalameena', 'the worlds', 'https://audio.qurancdn.com/wbw/001_002_004.mp3', 8)
ON CONFLICT (id) DO NOTHING;

-- Ayat 4-5: Master & Worship
INSERT INTO public.words (id, lesson_id, arabic, transliteration, meaning, audio_url, "order") VALUES
  ('w-maliki', 'sf-u1-l2', 'مَالِكِ', 'Maliki', 'Master/Owner of', 'https://audio.qurancdn.com/wbw/001_004_001.mp3', 1),
  ('w-yawmi', 'sf-u1-l2', 'يَوْمِ', 'Yawmi', 'the Day of', 'https://audio.qurancdn.com/wbw/001_004_002.mp3', 2),
  ('w-addeen', 'sf-u1-l2', 'الدِّينِ', 'ad-Deeni', 'the Judgment', 'https://audio.qurancdn.com/wbw/001_004_003.mp3', 3),
  ('w-iyyaka', 'sf-u1-l2', 'إِيَّاكَ', 'Iyyaka', 'You Alone', 'https://audio.qurancdn.com/wbw/001_005_001.mp3', 4),
  ('w-nabudu', 'sf-u1-l2', 'نَعْبُدُ', 'na''budu', 'we worship', 'https://audio.qurancdn.com/wbw/001_005_002.mp3', 5),
  ('w-nastaeen', 'sf-u1-l2', 'نَسْتَعِينُ', 'nasta''eenu', 'we ask for help', 'https://audio.qurancdn.com/wbw/001_005_004.mp3', 6)
ON CONFLICT (id) DO NOTHING;

-- Ayat 6-7: The Straight Path
INSERT INTO public.words (id, lesson_id, arabic, transliteration, meaning, audio_url, "order") VALUES
  ('w-ihdina', 'sf-u1-l3', 'اهْدِنَا', 'Ihdina', 'Guide us', 'https://audio.qurancdn.com/wbw/001_006_001.mp3', 1),
  ('w-assirat', 'sf-u1-l3', 'الصِّرَاطَ', 'as-Sirata', 'the path', 'https://audio.qurancdn.com/wbw/001_006_002.mp3', 2),
  ('w-almustaqeem', 'sf-u1-l3', 'الْمُسْتَقِيمَ', 'al-Mustaqeema', 'the straight', 'https://audio.qurancdn.com/wbw/001_006_003.mp3', 3),
  ('w-alladhina', 'sf-u1-l3', 'الَّذِينَ', 'alladheena', 'those who', 'https://audio.qurancdn.com/wbw/001_007_002.mp3', 4),
  ('w-anamta', 'sf-u1-l3', 'أَنْعَمْتَ', 'an''amta', 'You have blessed', 'https://audio.qurancdn.com/wbw/001_007_003.mp3', 5),
  ('w-alayhim', 'sf-u1-l3', 'عَلَيْهِمْ', '''alayhim', 'upon them', 'https://audio.qurancdn.com/wbw/001_007_004.mp3', 6),
  ('w-ghayri', 'sf-u1-l3', 'غَيْرِ', 'ghayri', 'not (other than)', 'https://audio.qurancdn.com/wbw/001_007_005.mp3', 7),
  ('w-almaghdubi', 'sf-u1-l3', 'الْمَغْضُوبِ', 'al-Maghdoobi', 'those who earned wrath', 'https://audio.qurancdn.com/wbw/001_007_006.mp3', 8),
  ('w-wala', 'sf-u1-l3', 'وَلَا', 'wa la', 'and not', 'https://audio.qurancdn.com/wbw/001_007_008.mp3', 9),
  ('w-addalleen', 'sf-u1-l3', 'الضَّالِّينَ', 'ad-Daalleen', 'those who go astray', 'https://audio.qurancdn.com/wbw/001_007_009.mp3', 10)
ON CONFLICT (id) DO NOTHING;

-- Al-Ikhlas: Pure Monotheism
INSERT INTO public.words (id, lesson_id, arabic, transliteration, meaning, audio_url, "order") VALUES
  ('w-qul', 'sf-u2-l1', 'قُلْ', 'Qul', 'Say', 'https://audio.qurancdn.com/wbw/112_001_001.mp3', 1),
  ('w-huwa', 'sf-u2-l1', 'هُوَ', 'Huwa', 'He is', 'https://audio.qurancdn.com/wbw/112_001_002.mp3', 2),
  ('w-allahu', 'sf-u2-l1', 'اللَّهُ', 'Allahu', 'Allah', 'https://audio.qurancdn.com/wbw/112_001_003.mp3', 3),
  ('w-ahad', 'sf-u2-l1', 'أَحَدٌ', 'Ahad', 'One', 'https://audio.qurancdn.com/wbw/112_001_004.mp3', 4),
  ('w-assamad', 'sf-u2-l1', 'الصَّمَدُ', 'as-Samad', 'the Eternal Refuge', 'https://audio.qurancdn.com/wbw/112_002_002.mp3', 5),
  ('w-lam', 'sf-u2-l1', 'لَمْ', 'lam', 'not (past)', 'https://audio.qurancdn.com/wbw/112_003_001.mp3', 6),
  ('w-yalid', 'sf-u2-l1', 'يَلِدْ', 'yalid', 'He begets', 'https://audio.qurancdn.com/wbw/112_003_002.mp3', 7),
  ('w-yulad', 'sf-u2-l1', 'يُولَدْ', 'yoolad', 'is He begotten', 'https://audio.qurancdn.com/wbw/112_003_004.mp3', 8),
  ('w-yakun', 'sf-u2-l1', 'يَكُن', 'yakun', 'there is', 'https://audio.qurancdn.com/wbw/112_004_002.mp3', 9),
  ('w-kufuwan', 'sf-u2-l1', 'كُفُوًا', 'kufuwan', 'equivalent/comparable', 'https://audio.qurancdn.com/wbw/112_004_004.mp3', 10)
ON CONFLICT (id) DO NOTHING;

-- Al-Falaq: Seeking Refuge in Dawn
INSERT INTO public.words (id, lesson_id, arabic, transliteration, meaning, audio_url, "order") VALUES
  ('w-audhu', 'sf-u2-l2', 'أَعُوذُ', 'a''oodhu', 'I seek refuge', 'https://audio.qurancdn.com/wbw/113_001_002.mp3', 1),
  ('w-birabbi', 'sf-u2-l2', 'بِرَبِّ', 'bi-Rabbi', 'in the Lord of', 'https://audio.qurancdn.com/wbw/113_001_003.mp3', 2),
  ('w-alfalaq', 'sf-u2-l2', 'الْفَلَقِ', 'al-Falaq', 'the daybreak', 'https://audio.qurancdn.com/wbw/113_001_004.mp3', 3),
  ('w-sharri', 'sf-u2-l2', 'شَرِّ', 'sharri', 'evil/harm of', 'https://audio.qurancdn.com/wbw/113_002_002.mp3', 4),
  ('w-ma', 'sf-u2-l2', 'مَا', 'ma', 'what', 'https://audio.qurancdn.com/wbw/113_002_003.mp3', 5),
  ('w-khalaqa', 'sf-u2-l2', 'خَلَقَ', 'khalaqa', 'He created', 'https://audio.qurancdn.com/wbw/113_002_004.mp3', 6),
  ('w-ghasiqin', 'sf-u2-l2', 'غَاسِقٍ', 'ghasiqin', 'darkness', 'https://audio.qurancdn.com/wbw/113_003_002.mp3', 7),
  ('w-waqab', 'sf-u2-l2', 'وَقَبَ', 'waqab', 'when it settles', 'https://audio.qurancdn.com/wbw/113_003_004.mp3', 8),
  ('w-annaffathat', 'sf-u2-l2', 'النَّفَّاثَاتِ', 'an-Naffathati', 'the blowers', 'https://audio.qurancdn.com/wbw/113_004_002.mp3', 9),
  ('w-aluqad', 'sf-u2-l2', 'الْعُقَدِ', 'al-''Uqad', 'the knots', 'https://audio.qurancdn.com/wbw/113_004_004.mp3', 10),
  ('w-hasidin', 'sf-u2-l2', 'حَاسِدٍ', 'hasidin', 'an envier', 'https://audio.qurancdn.com/wbw/113_005_003.mp3', 11),
  ('w-hasad', 'sf-u2-l2', 'حَسَدَ', 'hasad', 'when he envies', 'https://audio.qurancdn.com/wbw/113_005_004.mp3', 12)
ON CONFLICT (id) DO NOTHING;

-- An-Nas: Seeking Refuge in Mankind
INSERT INTO public.words (id, lesson_id, arabic, transliteration, meaning, audio_url, "order") VALUES
  ('w-annas', 'sf-u2-l3', 'النَّاسِ', 'an-Nas', 'mankind', 'https://audio.qurancdn.com/wbw/114_001_004.mp3', 1),
  ('w-maliki2', 'sf-u2-l3', 'مَلِكِ', 'Maliki', 'King of', 'https://audio.qurancdn.com/wbw/114_002_002.mp3', 2),
  ('w-ilahi', 'sf-u2-l3', 'إِلَهِ', 'Ilahi', 'God of', 'https://audio.qurancdn.com/wbw/114_003_002.mp3', 3),
  ('w-alwaswas', 'sf-u2-l3', 'الْوَسْوَاسِ', 'al-Waswas', 'the whisperer', 'https://audio.qurancdn.com/wbw/114_004_003.mp3', 4),
  ('w-alkhannas', 'sf-u2-l3', 'الْخَنَّاسِ', 'al-Khannas', 'the retreater', 'https://audio.qurancdn.com/wbw/114_004_004.mp3', 5),
  ('w-yuwaswisu', 'sf-u2-l3', 'يُوَسْوِسُ', 'yuwaswisu', 'who whispers', 'https://audio.qurancdn.com/wbw/114_005_002.mp3', 6),
  ('w-sudoor', 'sf-u2-l3', 'صُدُورِ', 'sudoor', 'breasts/hearts', 'https://audio.qurancdn.com/wbw/114_005_004.mp3', 7),
  ('w-aljinnati', 'sf-u2-l3', 'الْجِنَّةِ', 'al-Jinnati', 'the jinn', 'https://audio.qurancdn.com/wbw/114_006_002.mp3', 8)
ON CONFLICT (id) DO NOTHING;

-- Al-Asr: The Declining Time
INSERT INTO public.words (id, lesson_id, arabic, transliteration, meaning, audio_url, "order") VALUES
  ('w-walasr', 'sf-u3-l1', 'وَالْعَصْرِ', 'wal-''Asr', 'By time', 'https://audio.qurancdn.com/wbw/103_001_001.mp3', 1),
  ('w-alinsana', 'sf-u3-l1', 'الْإِنسَانَ', 'al-Insana', 'mankind', 'https://audio.qurancdn.com/wbw/103_002_002.mp3', 2),
  ('w-lakhusr', 'sf-u3-l1', 'خُسْرٍ', 'khusr', 'loss', 'https://audio.qurancdn.com/wbw/103_002_004.mp3', 3),
  ('w-amanu', 'sf-u3-l1', 'آمَنُوا', 'amanoo', 'believed', 'https://audio.qurancdn.com/wbw/103_003_003.mp3', 4),
  ('w-amiloo', 'sf-u3-l1', 'عَمِلُوا', '''amiloo', 'did (deeds)', 'https://audio.qurancdn.com/wbw/103_003_004.mp3', 5),
  ('w-assalihat', 'sf-u3-l1', 'الصَّالِحَاتِ', 'as-Salihati', 'righteous deeds', 'https://audio.qurancdn.com/wbw/103_003_005.mp3', 6),
  ('w-tawaasaw', 'sf-u3-l1', 'تَوَاصَوْا', 'tawasaw', 'advised each other', 'https://audio.qurancdn.com/wbw/103_003_006.mp3', 7),
  ('w-bilhaqqi', 'sf-u3-l1', 'بِالْحَقِّ', 'bil-Haqqi', 'with truth', 'https://audio.qurancdn.com/wbw/103_003_007.mp3', 8),
  ('w-bissabr', 'sf-u3-l1', 'بِالصَّبْرِ', 'bis-Sabr', 'with patience', 'https://audio.qurancdn.com/wbw/103_003_009.mp3', 9)
ON CONFLICT (id) DO NOTHING;

-- Al-Kawthar: The Abundance
INSERT INTO public.words (id, lesson_id, arabic, transliteration, meaning, audio_url, "order") VALUES
  ('w-ataynaka', 'sf-u3-l2', 'أَعْطَيْنَاكَ', 'a''taynaaka', 'We have given you', 'https://audio.qurancdn.com/wbw/108_001_002.mp3', 1),
  ('w-alkalwthar', 'sf-u3-l2', 'الْكَوْثَرَ', 'al-Kawthar', 'the Abundance', 'https://audio.qurancdn.com/wbw/108_001_003.mp3', 2),
  ('w-fasalli', 'sf-u3-l2', 'فَصَلِّ', 'fa-salli', 'so pray', 'https://audio.qurancdn.com/wbw/108_002_001.mp3', 3),
  ('w-lirabbika', 'sf-u3-l2', 'لِرَبِّكَ', 'li-Rabbika', 'to your Lord', 'https://audio.qurancdn.com/wbw/108_002_002.mp3', 4),
  ('w-wanhar', 'sf-u3-l2', 'وَانْحَرْ', 'wanhar', 'and sacrifice', 'https://audio.qurancdn.com/wbw/108_002_003.mp3', 5),
  ('w-shaaniaka', 'sf-u3-l2', 'شَانِئَكَ', 'shani''aka', 'the one who hates you', 'https://audio.qurancdn.com/wbw/108_003_002.mp3', 6),
  ('w-alabtar', 'sf-u3-l2', 'الْأَبْتَرُ', 'al-Abtar', 'the one cut off', 'https://audio.qurancdn.com/wbw/108_003_004.mp3', 7)
ON CONFLICT (id) DO NOTHING;

-- Al-Kafirun: The Disbelievers
INSERT INTO public.words (id, lesson_id, arabic, transliteration, meaning, audio_url, "order") VALUES
  ('w-ayyuha', 'sf-u3-l3', 'أَيُّهَا', 'ayyuha', 'O you', 'https://audio.qurancdn.com/wbw/109_001_003.mp3', 1),
  ('w-alkafirun', 'sf-u3-l3', 'الْكَافِرُونَ', 'al-Kafiroon', 'the disbelievers', 'https://audio.qurancdn.com/wbw/109_001_004.mp3', 2),
  ('w-la', 'sf-u3-l3', 'لَا', 'la', 'I do not', 'https://audio.qurancdn.com/wbw/109_002_001.mp3', 3),
  ('w-abudu', 'sf-u3-l3', 'أَعْبُدُ', 'a''budu', 'worship', 'https://audio.qurancdn.com/wbw/109_002_002.mp3', 4),
  ('w-tabudun', 'sf-u3-l3', 'تَعْبُدُونَ', 'ta''budoona', 'you worship', 'https://audio.qurancdn.com/wbw/109_002_004.mp3', 5),
  ('w-abidun', 'sf-u3-l3', 'عَابِدُونَ', '''aabidoona', 'worshippers of', 'https://audio.qurancdn.com/wbw/109_003_003.mp3', 6),
  ('w-abadtu', 'sf-u3-l3', 'عَبَدتُّ', '''abadtu', 'I have worshipped', 'https://audio.qurancdn.com/wbw/109_004_003.mp3', 7),
  ('w-abid', 'sf-u3-l3', 'عَابِدٌ', '''aabid', 'a worshipper', 'https://audio.qurancdn.com/wbw/109_005_002.mp3', 8),
  ('w-deenukum', 'sf-u3-l3', 'دِينُكُمْ', 'deenukum', 'your religion', 'https://audio.qurancdn.com/wbw/109_006_002.mp3', 9),
  ('w-deen', 'sf-u3-l3', 'دِينِ', 'deeni', 'my religion', 'https://audio.qurancdn.com/wbw/109_006_005.mp3', 10)
ON CONFLICT (id) DO NOTHING;

-- Opening Dua: Glory to You, O Allah
INSERT INTO public.words (id, lesson_id, arabic, transliteration, meaning, audio_url, "order") VALUES
  ('w-subhanaka', 'sf-u4-l1', 'سُبْحَانَكَ', 'Subhanaka', 'Glory be to You', NULL, 1),
  ('w-allahumma', 'sf-u4-l1', 'اللَّهُمَّ', 'Allahumma', 'O Allah', NULL, 2),
  ('w-wabihamdika', 'sf-u4-l1', 'وَبِحَمْدِكَ', 'wa bi-Hamdika', 'and with Your praise', NULL, 3),
  ('w-watabaraka', 'sf-u4-l1', 'وَتَبَارَكَ', 'wa Tabaraka', 'and blessed is', NULL, 4),
  ('w-ismuka', 'sf-u4-l1', 'اسْمُكَ', 'Ismuka', 'Your name', NULL, 5),
  ('w-wataala', 'sf-u4-l1', 'وَتَعَالَى', 'wa Ta''aala', 'and exalted is', NULL, 6),
  ('w-jadduka', 'sf-u4-l1', 'جَدُّكَ', 'Jadduka', 'Your majesty', NULL, 7),
  ('w-ilaha', 'sf-u4-l1', 'إِلَهَ', 'ilaha', 'god/deity', NULL, 8),
  ('w-ghayruka', 'sf-u4-l1', 'غَيْرُكَ', 'ghayruka', 'other than You', NULL, 9)
ON CONFLICT (id) DO NOTHING;

-- Ruku & Rising: Glory and Praise
INSERT INTO public.words (id, lesson_id, arabic, transliteration, meaning, audio_url, "order") VALUES
  ('w-subhana', 'sf-u4-l2', 'سُبْحَانَ', 'Subhana', 'Glory be to', NULL, 1),
  ('w-rabbiya', 'sf-u4-l2', 'رَبِّيَ', 'Rabbiya', 'my Lord', NULL, 2),
  ('w-aladheem', 'sf-u4-l2', 'الْعَظِيمِ', 'al-''Adheemi', 'the Magnificent', NULL, 3),
  ('w-samia', 'sf-u4-l2', 'سَمِعَ', 'Sami''a', 'has heard', NULL, 4),
  ('w-allahu2', 'sf-u4-l2', 'اللَّهُ', 'Allahu', 'Allah', NULL, 5),
  ('w-liman', 'sf-u4-l2', 'لِمَنْ', 'liman', 'the one who', NULL, 6),
  ('w-hamidahu', 'sf-u4-l2', 'حَمِدَهُ', 'hamidahu', 'praises Him', NULL, 7),
  ('w-rabbana', 'sf-u4-l2', 'رَبَّنَا', 'Rabbana', 'Our Lord', NULL, 8),
  ('w-walaka', 'sf-u4-l2', 'وَلَكَ', 'wa laka', 'and to You (belongs)', NULL, 9),
  ('w-alhamd', 'sf-u4-l2', 'الْحَمْدُ', 'al-Hamd', 'all praise', NULL, 10)
ON CONFLICT (id) DO NOTHING;

-- Sujood: The Nearest Position
INSERT INTO public.words (id, lesson_id, arabic, transliteration, meaning, audio_url, "order") VALUES
  ('w-alala', 'sf-u5-l1', 'الْأَعْلَى', 'al-A''la', 'the Most High', NULL, 1),
  ('w-rabbi2', 'sf-u5-l1', 'رَبِّ', 'Rabbi', 'My Lord', NULL, 2),
  ('w-ighfir', 'sf-u5-l1', 'اغْفِرْ', 'ighfir', 'forgive', NULL, 3),
  ('w-li', 'sf-u5-l1', 'لِي', 'li', 'for me', NULL, 4),
  ('w-warhamni', 'sf-u5-l1', 'وَارْحَمْنِي', 'warhamni', 'and have mercy on me', NULL, 5),
  ('w-wahdini', 'sf-u5-l1', 'وَاهْدِنِي', 'wahdini', 'and guide me', NULL, 6),
  ('w-warzuqni', 'sf-u5-l1', 'وَارْزُقْنِي', 'warzuqni', 'and provide for me', NULL, 7),
  ('w-waafini', 'sf-u5-l1', 'وَعَافِنِي', 'wa''afini', 'and grant me wellbeing', NULL, 8)
ON CONFLICT (id) DO NOTHING;

-- Tashahhud: Greetings to Allah
INSERT INTO public.words (id, lesson_id, arabic, transliteration, meaning, audio_url, "order") VALUES
  ('w-attahiyyatu', 'sf-u5-l2', 'التَّحِيَّاتُ', 'at-Tahiyyatu', 'All greetings', NULL, 1),
  ('w-wassalawatu', 'sf-u5-l2', 'وَالصَّلَوَاتُ', 'was-Salawatu', 'and prayers', NULL, 2),
  ('w-wattayyibat', 'sf-u5-l2', 'وَالطَّيِّبَاتُ', 'wat-Tayyibatu', 'and pure words', NULL, 3),
  ('w-assalamu', 'sf-u5-l2', 'السَّلَامُ', 'as-Salamu', 'Peace', NULL, 4),
  ('w-alayka', 'sf-u5-l2', 'عَلَيْكَ', '''alayka', 'upon you', NULL, 5),
  ('w-annabiyyu', 'sf-u5-l2', 'النَّبِيُّ', 'an-Nabiyyu', 'O Prophet', NULL, 6),
  ('w-warahmatu', 'sf-u5-l2', 'وَرَحْمَةُ', 'wa Rahmatu', 'and the mercy of', NULL, 7),
  ('w-wabarakatuhu', 'sf-u5-l2', 'وَبَرَكَاتُهُ', 'wa Barakatuhu', 'and His blessings', NULL, 8),
  ('w-alayna', 'sf-u5-l2', 'عَلَيْنَا', '''alayna', 'upon us', NULL, 9),
  ('w-ibadi', 'sf-u5-l2', 'عِبَادِ', '''ibadi', 'servants of', NULL, 10),
  ('w-assaliheen', 'sf-u5-l2', 'الصَّالِحِينَ', 'as-Saliheen', 'the righteous', NULL, 11),
  ('w-ashhadu', 'sf-u5-l2', 'أَشْهَدُ', 'Ash-hadu', 'I bear witness', NULL, 12),
  ('w-illa', 'sf-u5-l2', 'إِلَّا', 'illa', 'except', NULL, 13),
  ('w-muhammadan', 'sf-u5-l2', 'مُحَمَّدًا', 'Muhammadan', 'Muhammad', NULL, 14),
  ('w-abduhu', 'sf-u5-l2', 'عَبْدُهُ', '''abduhu', 'His servant', NULL, 15),
  ('w-warasuluhu', 'sf-u5-l2', 'وَرَسُولُهُ', 'wa Rasooluhu', 'and His messenger', NULL, 16)
ON CONFLICT (id) DO NOTHING;

-- Durood: Blessings Upon the Prophet
INSERT INTO public.words (id, lesson_id, arabic, transliteration, meaning, audio_url, "order") VALUES
  ('w-salli', 'sf-u6-l1', 'صَلِّ', 'salli', 'send blessings', NULL, 1),
  ('w-ala', 'sf-u6-l1', 'عَلَى', '''ala', 'upon', NULL, 2),
  ('w-muhammadin', 'sf-u6-l1', 'مُحَمَّدٍ', 'Muhammadin', 'Muhammad', NULL, 3),
  ('w-ali', 'sf-u6-l1', 'آلِ', 'Aali', 'family of', NULL, 4),
  ('w-kama', 'sf-u6-l1', 'كَمَا', 'kama', 'just as', NULL, 5),
  ('w-sallayta', 'sf-u6-l1', 'صَلَّيْتَ', 'sallayta', 'You sent blessings', NULL, 6),
  ('w-ibraheem', 'sf-u6-l1', 'إِبْرَاهِيمَ', 'Ibraheema', 'Ibrahim (Abraham)', NULL, 7),
  ('w-innaka', 'sf-u6-l1', 'إِنَّكَ', 'Innaka', 'Indeed You are', NULL, 8),
  ('w-hameedun', 'sf-u6-l1', 'حَمِيدٌ', 'Hameedun', 'Praiseworthy', NULL, 9),
  ('w-majeedun', 'sf-u6-l1', 'مَجِيدٌ', 'Majeedun', 'Glorious', NULL, 10)
ON CONFLICT (id) DO NOTHING;

-- Final Dua: Before the Salam
INSERT INTO public.words (id, lesson_id, arabic, transliteration, meaning, audio_url, "order") VALUES
  ('w-atina', 'sf-u6-l2', 'آتِنَا', 'aatina', 'give us', NULL, 1),
  ('w-fiddunya', 'sf-u6-l2', 'فِي الدُّنْيَا', 'fid-dunya', 'in this world', NULL, 2),
  ('w-hasanatan', 'sf-u6-l2', 'حَسَنَةً', 'hasanatan', 'good/blessing', NULL, 3),
  ('w-alakhirati', 'sf-u6-l2', 'الْآخِرَةِ', 'al-Aakhirati', 'the Hereafter', NULL, 4),
  ('w-waqina', 'sf-u6-l2', 'وَقِنَا', 'wa qina', 'and protect us from', NULL, 5),
  ('w-adhaba', 'sf-u6-l2', 'عَذَابَ', '''adhaba', 'punishment of', NULL, 6),
  ('w-annar', 'sf-u6-l2', 'النَّارِ', 'an-Nari', 'the Fire', NULL, 7),
  ('w-audhu2', 'sf-u6-l2', 'أَعُوذُ', 'a''oodhu', 'I seek refuge', NULL, 8),
  ('w-bika', 'sf-u6-l2', 'بِكَ', 'bika', 'in You', NULL, 9),
  ('w-fitnat', 'sf-u6-l2', 'فِتْنَةِ', 'fitnati', 'trial/tribulation of', NULL, 10),
  ('w-almahya', 'sf-u6-l2', 'الْمَحْيَا', 'al-Mahya', 'life', NULL, 11),
  ('w-walmamat', 'sf-u6-l2', 'وَالْمَمَاتِ', 'wal-Mamati', 'and death', NULL, 12)
ON CONFLICT (id) DO NOTHING;

-- ============================================================
-- Word-Root Links (108)
-- ============================================================
INSERT INTO public.word_roots (word_id, root_id) VALUES
  ('w-bismi', 'r-smw'),
  ('w-allahi', 'r-ilh'),
  ('w-arrahman', 'r-rhm'),
  ('w-arraheem', 'r-rhm'),
  ('w-alhamdu', 'r-hmd'),
  ('w-lillahi', 'r-ilh'),
  ('w-rabbi', 'r-rbb'),
  ('w-alameen', 'r-alm'),
  ('w-maliki', 'r-mlk'),
  ('w-yawmi', 'r-dwn'),
  ('w-addeen', 'r-dwn'),
  ('w-nabudu', 'r-abd'),
  ('w-nastaeen', 'r-awn'),
  ('w-ihdina', 'r-hdy'),
  ('w-assirat', 'r-srt'),
  ('w-almustaqeem', 'r-qwm'),
  ('w-alladhina', 'r-ilh'),
  ('w-anamta', 'r-nam'),
  ('w-almaghdubi', 'r-ghdb'),
  ('w-addalleen', 'r-dll'),
  ('w-qul', 'r-qwl'),
  ('w-allahu', 'r-ilh'),
  ('w-ahad', 'r-ahd'),
  ('w-assamad', 'r-smd'),
  ('w-yalid', 'r-wld'),
  ('w-yulad', 'r-wld'),
  ('w-kufuwan', 'r-kfw'),
  ('w-audhu', 'r-awdh'),
  ('w-birabbi', 'r-rbb'),
  ('w-alfalaq', 'r-flq'),
  ('w-sharri', 'r-shr'),
  ('w-khalaqa', 'r-khlo'),
  ('w-annaffathat', 'r-nfth'),
  ('w-aluqad', 'r-aqd'),
  ('w-hasidin', 'r-hsd'),
  ('w-hasad', 'r-hsd'),
  ('w-annas', 'r-nws'),
  ('w-maliki2', 'r-mlk'),
  ('w-ilahi', 'r-ilh'),
  ('w-alwaswas', 'r-wswis'),
  ('w-alkhannas', 'r-khn'),
  ('w-yuwaswisu', 'r-wswis'),
  ('w-sudoor', 'r-sdr'),
  ('w-aljinnati', 'r-jnn'),
  ('w-walasr', 'r-asr'),
  ('w-lakhusr', 'r-khs'),
  ('w-amanu', 'r-amn'),
  ('w-amiloo', 'r-aml'),
  ('w-assalihat', 'r-slh'),
  ('w-tawaasaw', 'r-wsy'),
  ('w-bilhaqqi', 'r-hqq'),
  ('w-bissabr', 'r-sbr'),
  ('w-ataynaka', 'r-aty'),
  ('w-alkalwthar', 'r-kwth'),
  ('w-fasalli', 'r-slw'),
  ('w-lirabbika', 'r-rbb'),
  ('w-wanhar', 'r-nhr'),
  ('w-shaaniaka', 'r-shna'),
  ('w-alabtar', 'r-btr'),
  ('w-alkafirun', 'r-kfr'),
  ('w-abudu', 'r-abd'),
  ('w-tabudun', 'r-abd'),
  ('w-abidun', 'r-abd'),
  ('w-abadtu', 'r-abd'),
  ('w-abid', 'r-abd'),
  ('w-deenukum', 'r-dwn'),
  ('w-deen', 'r-dwn'),
  ('w-subhanaka', 'r-sbh'),
  ('w-allahumma', 'r-ilh'),
  ('w-wabihamdika', 'r-hmd'),
  ('w-watabaraka', 'r-brk'),
  ('w-ismuka', 'r-smw'),
  ('w-wataala', 'r-ala'),
  ('w-ilaha', 'r-ilh'),
  ('w-subhana', 'r-sbh'),
  ('w-rabbiya', 'r-rbb'),
  ('w-aladheem', 'r-adm'),
  ('w-samia', 'r-smaa'),
  ('w-allahu2', 'r-ilh'),
  ('w-hamidahu', 'r-hmd'),
  ('w-rabbana', 'r-rbb'),
  ('w-alhamd', 'r-hmd'),
  ('w-alala', 'r-ala'),
  ('w-rabbi2', 'r-rbb'),
  ('w-ighfir', 'r-ghfr'),
  ('w-warhamni', 'r-rhm'),
  ('w-wahdini', 'r-hdy'),
  ('w-attahiyyatu', 'r-hyy'),
  ('w-wassalawatu', 'r-slw'),
  ('w-wattayyibat', 'r-tyb'),
  ('w-assalamu', 'r-slm'),
  ('w-annabiyyu', 'r-nby'),
  ('w-warahmatu', 'r-rhm'),
  ('w-wabarakatuhu', 'r-brk'),
  ('w-ibadi', 'r-abd'),
  ('w-assaliheen', 'r-slh'),
  ('w-ashhadu', 'r-shd'),
  ('w-abduhu', 'r-abd'),
  ('w-warasuluhu', 'r-rsl'),
  ('w-salli', 'r-slw'),
  ('w-muhammadin', 'r-hmd'),
  ('w-sallayta', 'r-slw'),
  ('w-hameedun', 'r-hmd'),
  ('w-adhaba', 'r-adhb'),
  ('w-audhu2', 'r-awdh'),
  ('w-fitnat', 'r-ftn'),
  ('w-almahya', 'r-hyy'),
  ('w-walmamat', 'r-mwt')
ON CONFLICT (word_id, root_id) DO NOTHING;

-- ============================================================
-- Quiz Questions (198)
-- ============================================================
-- Quiz: Ayat 1-3: The Opening Praise
INSERT INTO public.lesson_quiz_questions (id, lesson_id, question, correct_answer, wrong_answers, explanation, "order") VALUES
  ('quiz-sf-u1-l1-1', 'sf-u1-l1', 'What is the meaning of "بِسْمِ"?', 'In the name of', ARRAY['Your name', 'I do not', 'did (deeds)'], 'بِسْمِ (bismi) means "In the name of".', 1),
  ('quiz-sf-u1-l1-2', 'sf-u1-l1', 'What is the meaning of "اللَّهِ"?', 'Allah (God)', ARRAY['advised each other', 'to your Lord', 'righteous deeds'], 'اللَّهِ (Allahi) means "Allah (God)".', 2),
  ('quiz-sf-u1-l1-3', 'sf-u1-l1', 'What is the meaning of "الرَّحْمَنِ"?', 'the Most Gracious', ARRAY['Indeed You are', 'for me', 'and provide for me'], 'الرَّحْمَنِ (ar-Rahmani) means "the Most Gracious".', 3),
  ('quiz-sf-u1-l1-4', 'sf-u1-l1', 'What is the meaning of "الرَّحِيمِ"?', 'the Most Merciful', ARRAY['He begets', 'life', 'By time'], 'الرَّحِيمِ (ar-Raheemi) means "the Most Merciful".', 4),
  ('quiz-sf-u1-l1-5', 'sf-u1-l1', 'What is the meaning of "الْحَمْدُ"?', 'All praise', ARRAY['the Eternal Refuge', 'I seek refuge', 'righteous deeds'], 'الْحَمْدُ (al-Hamdu) means "All praise".', 5),
  ('quiz-sf-u1-l1-6', 'sf-u1-l1', 'What is the meaning of "لِلَّهِ"?', 'is for Allah', ARRAY['worship', 'My Lord', 'and blessed is'], 'لِلَّهِ (lillahi) means "is for Allah".', 6),
  ('quiz-sf-u1-l1-7', 'sf-u1-l1', 'What is the meaning of "رَبِّ"?', 'Lord of', ARRAY['family of', 'god/deity', 'the blowers'], 'رَبِّ (Rabbi) means "Lord of".', 7),
  ('quiz-sf-u1-l1-8', 'sf-u1-l1', 'What is the meaning of "الْعَالَمِينَ"?', 'the worlds', ARRAY['the Judgment', 'is He begotten', 'we worship'], 'الْعَالَمِينَ (al-''Aalameena) means "the worlds".', 8),
  ('quiz-sf-u1-l1-9', 'sf-u1-l1', 'Which word means "In the name of"?', 'بِسْمِ', ARRAY['لِلَّهِ', 'الرَّحِيمِ', 'الْحَمْدُ'], 'بِسْمِ (bismi) means "In the name of".', 9),
  ('quiz-sf-u1-l1-10', 'sf-u1-l1', 'Which word means "the Most Merciful"?', 'الرَّحِيمِ', ARRAY['رَبِّ', 'بِسْمِ', 'الرَّحْمَنِ'], 'الرَّحِيمِ (ar-Raheemi) means "the Most Merciful".', 10)
ON CONFLICT (id) DO NOTHING;

-- Quiz: Ayat 4-5: Master & Worship
INSERT INTO public.lesson_quiz_questions (id, lesson_id, question, correct_answer, wrong_answers, explanation, "order") VALUES
  ('quiz-sf-u1-l2-1', 'sf-u1-l2', 'What is the meaning of "مَالِكِ"?', 'Master/Owner of', ARRAY['the Hereafter', 'God of', 'O you'], 'مَالِكِ (Maliki) means "Master/Owner of".', 1),
  ('quiz-sf-u1-l2-2', 'sf-u1-l2', 'What is the meaning of "يَوْمِ"?', 'the Day of', ARRAY['the one who hates you', 'upon us', 'you worship'], 'يَوْمِ (Yawmi) means "the Day of".', 2),
  ('quiz-sf-u1-l2-3', 'sf-u1-l2', 'What is the meaning of "الدِّينِ"?', 'the Judgment', ARRAY['the jinn', 'His servant', 'the retreater'], 'الدِّينِ (ad-Deeni) means "the Judgment".', 3),
  ('quiz-sf-u1-l2-4', 'sf-u1-l2', 'What is the meaning of "إِيَّاكَ"?', 'You Alone', ARRAY['I bear witness', 'evil/harm of', 'the Fire'], 'إِيَّاكَ (Iyyaka) means "You Alone".', 4),
  ('quiz-sf-u1-l2-5', 'sf-u1-l2', 'What is the meaning of "نَعْبُدُ"?', 'we worship', ARRAY['Allah', 'the jinn', 'In the name of'], 'نَعْبُدُ (na''budu) means "we worship".', 5),
  ('quiz-sf-u1-l2-6', 'sf-u1-l2', 'What is the meaning of "نَسْتَعِينُ"?', 'we ask for help', ARRAY['O Prophet', 'praises Him', 'and to You (belongs)'], 'نَسْتَعِينُ (nasta''eenu) means "we ask for help".', 6),
  ('quiz-sf-u1-l2-7', 'sf-u1-l2', 'Which word means "the Day of"?', 'يَوْمِ', ARRAY['مَالِكِ', 'نَعْبُدُ', 'نَسْتَعِينُ'], 'يَوْمِ (Yawmi) means "the Day of".', 7),
  ('quiz-sf-u1-l2-8', 'sf-u1-l2', 'Which word means "we ask for help"?', 'نَسْتَعِينُ', ARRAY['نَعْبُدُ', 'إِيَّاكَ', 'يَوْمِ'], 'نَسْتَعِينُ (nasta''eenu) means "we ask for help".', 8)
ON CONFLICT (id) DO NOTHING;

-- Quiz: Ayat 6-7: The Straight Path
INSERT INTO public.lesson_quiz_questions (id, lesson_id, question, correct_answer, wrong_answers, explanation, "order") VALUES
  ('quiz-sf-u1-l3-1', 'sf-u1-l3', 'What is the meaning of "اهْدِنَا"?', 'Guide us', ARRAY['you worship', 'punishment of', 'and blessed is'], 'اهْدِنَا (Ihdina) means "Guide us".', 1),
  ('quiz-sf-u1-l3-2', 'sf-u1-l3', 'What is the meaning of "الصِّرَاطَ"?', 'the path', ARRAY['praises Him', 'not (past)', 'the Judgment'], 'الصِّرَاطَ (as-Sirata) means "the path".', 2),
  ('quiz-sf-u1-l3-3', 'sf-u1-l3', 'What is the meaning of "الْمُسْتَقِيمَ"?', 'the straight', ARRAY['and prayers', 'the retreater', 'the Most High'], 'الْمُسْتَقِيمَ (al-Mustaqeema) means "the straight".', 3),
  ('quiz-sf-u1-l3-4', 'sf-u1-l3', 'What is the meaning of "الَّذِينَ"?', 'those who', ARRAY['and exalted is', 'and His blessings', 'By time'], 'الَّذِينَ (alladheena) means "those who".', 4),
  ('quiz-sf-u1-l3-5', 'sf-u1-l3', 'What is the meaning of "أَنْعَمْتَ"?', 'You have blessed', ARRAY['with truth', 'what', 'the jinn'], 'أَنْعَمْتَ (an''amta) means "You have blessed".', 5),
  ('quiz-sf-u1-l3-6', 'sf-u1-l3', 'What is the meaning of "عَلَيْهِمْ"?', 'upon them', ARRAY['other than You', 'He is', 'you worship'], 'عَلَيْهِمْ (''alayhim) means "upon them".', 6),
  ('quiz-sf-u1-l3-7', 'sf-u1-l3', 'What is the meaning of "غَيْرِ"?', 'not (other than)', ARRAY['just as', 'worship', 'the Hereafter'], 'غَيْرِ (ghayri) means "not (other than)".', 7),
  ('quiz-sf-u1-l3-8', 'sf-u1-l3', 'What is the meaning of "الْمَغْضُوبِ"?', 'those who earned wrath', ARRAY['Muhammad', 'You Alone', 'evil/harm of'], 'الْمَغْضُوبِ (al-Maghdoobi) means "those who earned wrath".', 8),
  ('quiz-sf-u1-l3-9', 'sf-u1-l3', 'What is the meaning of "وَلَا"?', 'and not', ARRAY['my religion', 'He begets', 'and guide me'], 'وَلَا (wa la) means "and not".', 9),
  ('quiz-sf-u1-l3-10', 'sf-u1-l3', 'What is the meaning of "الضَّالِّينَ"?', 'those who go astray', ARRAY['did (deeds)', 'mankind', 'and sacrifice'], 'الضَّالِّينَ (ad-Daalleen) means "those who go astray".', 10),
  ('quiz-sf-u1-l3-11', 'sf-u1-l3', 'Which word means "not (other than)"?', 'غَيْرِ', ARRAY['عَلَيْهِمْ', 'الْمَغْضُوبِ', 'اهْدِنَا'], 'غَيْرِ (ghayri) means "not (other than)".', 11),
  ('quiz-sf-u1-l3-12', 'sf-u1-l3', 'Which word means "the straight"?', 'الْمُسْتَقِيمَ', ARRAY['عَلَيْهِمْ', 'الضَّالِّينَ', 'أَنْعَمْتَ'], 'الْمُسْتَقِيمَ (al-Mustaqeema) means "the straight".', 12)
ON CONFLICT (id) DO NOTHING;

-- Quiz: Root: Mercy (ر-ح-م)
INSERT INTO public.lesson_quiz_questions (id, lesson_id, question, correct_answer, wrong_answers, explanation, "order") VALUES
  ('quiz-sf-root-rhm-1', 'sf-root-rhm', 'Which of these words comes from the root ر-ح-م?', 'الرَّحْمَنِ', ARRAY['وَتَعَالَى', 'الصَّمَدُ', 'دِينُكُمْ'], 'الرَّحْمَنِ (ar-Rahmani) comes from the root ر-ح-م which means "mercy, compassion".', 1),
  ('quiz-sf-root-rhm-2', 'sf-root-rhm', 'What is the core meaning of the root ر-ح-م?', 'mercy, compassion', ARRAY['deceive, cover', 'split, daybreak', 'help, assistance'], 'The root ر-ح-م carries the meaning of "mercy, compassion".', 2),
  ('quiz-sf-root-rhm-3', 'sf-root-rhm', 'How many words you''ve learned come from the root ر-ح-م?', '4', ARRAY['1', '2', '3'], '4 words derive from ر-ح-م: الرَّحْمَنِ, الرَّحِيمِ, وَارْحَمْنِي, وَرَحْمَةُ.', 3)
ON CONFLICT (id) DO NOTHING;

-- Quiz: Root: Worship (ع-ب-د)
INSERT INTO public.lesson_quiz_questions (id, lesson_id, question, correct_answer, wrong_answers, explanation, "order") VALUES
  ('quiz-sf-root-abd-1', 'sf-root-abd', 'Which of these words comes from the root ع-ب-د?', 'نَعْبُدُ', ARRAY['فَصَلِّ', 'غَيْرِ', 'وَبَرَكَاتُهُ'], 'نَعْبُدُ (na''budu) comes from the root ع-ب-د which means "worship, servitude".', 1),
  ('quiz-sf-root-abd-2', 'sf-root-abd', 'What is the core meaning of the root ع-ب-د?', 'worship, servitude', ARRAY['disbelieve, deny, cover', 'blessing, abundance', 'people, mankind'], 'The root ع-ب-د carries the meaning of "worship, servitude".', 2),
  ('quiz-sf-root-abd-3', 'sf-root-abd', 'How many words you''ve learned come from the root ع-ب-د?', '8', ARRAY['1', '2', '3'], '8 words derive from ع-ب-د: نَعْبُدُ, أَعْبُدُ, تَعْبُدُونَ, عَابِدُونَ, عَبَدتُّ, عَابِدٌ, عِبَادِ, عَبْدُهُ.', 3)
ON CONFLICT (id) DO NOTHING;

-- Quiz: Al-Ikhlas: Pure Monotheism
INSERT INTO public.lesson_quiz_questions (id, lesson_id, question, correct_answer, wrong_answers, explanation, "order") VALUES
  ('quiz-sf-u2-l1-1', 'sf-u2-l1', 'What is the meaning of "قُلْ"?', 'Say', ARRAY['mankind', 'the blowers', 'those who go astray'], 'قُلْ (Qul) means "Say".', 1),
  ('quiz-sf-u2-l1-2', 'sf-u2-l1', 'What is the meaning of "هُوَ"?', 'He is', ARRAY['and death', 'O Prophet', 'Allah'], 'هُوَ (Huwa) means "He is".', 2),
  ('quiz-sf-u2-l1-3', 'sf-u2-l1', 'What is the meaning of "اللَّهُ"?', 'Allah', ARRAY['the disbelievers', 'god/deity', 'life'], 'اللَّهُ (Allahu) means "Allah".', 3),
  ('quiz-sf-u2-l1-4', 'sf-u2-l1', 'What is the meaning of "أَحَدٌ"?', 'One', ARRAY['Guide us', 'My Lord', 'and have mercy on me'], 'أَحَدٌ (Ahad) means "One".', 4),
  ('quiz-sf-u2-l1-5', 'sf-u2-l1', 'What is the meaning of "الصَّمَدُ"?', 'the Eternal Refuge', ARRAY['upon', 'worship', 'has heard'], 'الصَّمَدُ (as-Samad) means "the Eternal Refuge".', 5),
  ('quiz-sf-u2-l1-6', 'sf-u2-l1', 'What is the meaning of "لَمْ"?', 'not (past)', ARRAY['in the Lord of', 'forgive', 'my Lord'], 'لَمْ (lam) means "not (past)".', 6),
  ('quiz-sf-u2-l1-7', 'sf-u2-l1', 'What is the meaning of "يَلِدْ"?', 'He begets', ARRAY['your religion', 'O Prophet', 'the Most Merciful'], 'يَلِدْ (yalid) means "He begets".', 7),
  ('quiz-sf-u2-l1-8', 'sf-u2-l1', 'What is the meaning of "يُولَدْ"?', 'is He begotten', ARRAY['and with Your praise', 'O you', 'believed'], 'يُولَدْ (yoolad) means "is He begotten".', 8),
  ('quiz-sf-u2-l1-9', 'sf-u2-l1', 'What is the meaning of "يَكُن"?', 'there is', ARRAY['O you', 'your religion', 'an envier'], 'يَكُن (yakun) means "there is".', 9),
  ('quiz-sf-u2-l1-10', 'sf-u2-l1', 'What is the meaning of "كُفُوًا"?', 'equivalent/comparable', ARRAY['O Allah', 'the Judgment', 'when he envies'], 'كُفُوًا (kufuwan) means "equivalent/comparable".', 10),
  ('quiz-sf-u2-l1-11', 'sf-u2-l1', 'Which word means "is He begotten"?', 'يُولَدْ', ARRAY['هُوَ', 'الصَّمَدُ', 'قُلْ'], 'يُولَدْ (yoolad) means "is He begotten".', 11),
  ('quiz-sf-u2-l1-12', 'sf-u2-l1', 'Which word means "Allah"?', 'اللَّهُ', ARRAY['يَكُن', 'الصَّمَدُ', 'لَمْ'], 'اللَّهُ (Allahu) means "Allah".', 12)
ON CONFLICT (id) DO NOTHING;

-- Quiz: Al-Falaq: Seeking Refuge in Dawn
INSERT INTO public.lesson_quiz_questions (id, lesson_id, question, correct_answer, wrong_answers, explanation, "order") VALUES
  ('quiz-sf-u2-l2-1', 'sf-u2-l2', 'What is the meaning of "أَعُوذُ"?', 'I seek refuge', ARRAY['except', 'Your name', 'is for Allah'], 'أَعُوذُ (a''oodhu) means "I seek refuge".', 1),
  ('quiz-sf-u2-l2-2', 'sf-u2-l2', 'What is the meaning of "بِرَبِّ"?', 'in the Lord of', ARRAY['those who earned wrath', 'I bear witness', 'and the mercy of'], 'بِرَبِّ (bi-Rabbi) means "in the Lord of".', 2),
  ('quiz-sf-u2-l2-3', 'sf-u2-l2', 'What is the meaning of "الْفَلَقِ"?', 'the daybreak', ARRAY['all praise', 'and blessed is', 'Your name'], 'الْفَلَقِ (al-Falaq) means "the daybreak".', 3),
  ('quiz-sf-u2-l2-4', 'sf-u2-l2', 'What is the meaning of "شَرِّ"?', 'evil/harm of', ARRAY['and not', 'Lord of', 'breasts/hearts'], 'شَرِّ (sharri) means "evil/harm of".', 4),
  ('quiz-sf-u2-l2-5', 'sf-u2-l2', 'What is the meaning of "مَا"?', 'what', ARRAY['I seek refuge', 'is He begotten', 'and His blessings'], 'مَا (ma) means "what".', 5),
  ('quiz-sf-u2-l2-6', 'sf-u2-l2', 'What is the meaning of "خَلَقَ"?', 'He created', ARRAY['He is', 'His servant', 'and grant me wellbeing'], 'خَلَقَ (khalaqa) means "He created".', 6),
  ('quiz-sf-u2-l2-7', 'sf-u2-l2', 'What is the meaning of "غَاسِقٍ"?', 'darkness', ARRAY['Indeed You are', 'Lord of', 'send blessings'], 'غَاسِقٍ (ghasiqin) means "darkness".', 7),
  ('quiz-sf-u2-l2-8', 'sf-u2-l2', 'What is the meaning of "وَقَبَ"?', 'when it settles', ARRAY['worshippers of', 'He begets', 'and pure words'], 'وَقَبَ (waqab) means "when it settles".', 8),
  ('quiz-sf-u2-l2-9', 'sf-u2-l2', 'What is the meaning of "النَّفَّاثَاتِ"?', 'the blowers', ARRAY['and grant me wellbeing', 'worshippers of', 'who whispers'], 'النَّفَّاثَاتِ (an-Naffathati) means "the blowers".', 9),
  ('quiz-sf-u2-l2-10', 'sf-u2-l2', 'What is the meaning of "الْعُقَدِ"?', 'the knots', ARRAY['Muhammad', 'My Lord', 'Glory be to'], 'الْعُقَدِ (al-''Uqad) means "the knots".', 10),
  ('quiz-sf-u2-l2-11', 'sf-u2-l2', 'What is the meaning of "حَاسِدٍ"?', 'an envier', ARRAY['in You', 'except', 'Your name'], 'حَاسِدٍ (hasidin) means "an envier".', 11),
  ('quiz-sf-u2-l2-12', 'sf-u2-l2', 'What is the meaning of "حَسَدَ"?', 'when he envies', ARRAY['Lord of', 'for me', 'All greetings'], 'حَسَدَ (hasad) means "when he envies".', 12),
  ('quiz-sf-u2-l2-13', 'sf-u2-l2', 'Which word means "the daybreak"?', 'الْفَلَقِ', ARRAY['شَرِّ', 'مَا', 'خَلَقَ'], 'الْفَلَقِ (al-Falaq) means "the daybreak".', 13),
  ('quiz-sf-u2-l2-14', 'sf-u2-l2', 'Which word means "I seek refuge"?', 'أَعُوذُ', ARRAY['النَّفَّاثَاتِ', 'حَسَدَ', 'بِرَبِّ'], 'أَعُوذُ (a''oodhu) means "I seek refuge".', 14)
ON CONFLICT (id) DO NOTHING;

-- Quiz: An-Nas: Seeking Refuge in Mankind
INSERT INTO public.lesson_quiz_questions (id, lesson_id, question, correct_answer, wrong_answers, explanation, "order") VALUES
  ('quiz-sf-u2-l3-1', 'sf-u2-l3', 'What is the meaning of "النَّاسِ"?', 'mankind', ARRAY['upon you', 'there is', 'One'], 'النَّاسِ (an-Nas) means "mankind".', 1),
  ('quiz-sf-u2-l3-2', 'sf-u2-l3', 'What is the meaning of "مَلِكِ"?', 'King of', ARRAY['Ibrahim (Abraham)', 'did (deeds)', 'upon us'], 'مَلِكِ (Maliki) means "King of".', 2),
  ('quiz-sf-u2-l3-3', 'sf-u2-l3', 'What is the meaning of "إِلَهِ"?', 'God of', ARRAY['and exalted is', 'You Alone', 'we worship'], 'إِلَهِ (Ilahi) means "God of".', 3),
  ('quiz-sf-u2-l3-4', 'sf-u2-l3', 'What is the meaning of "الْوَسْوَاسِ"?', 'the whisperer', ARRAY['and grant me wellbeing', 'the worlds', 'my religion'], 'الْوَسْوَاسِ (al-Waswas) means "the whisperer".', 4),
  ('quiz-sf-u2-l3-5', 'sf-u2-l3', 'What is the meaning of "الْخَنَّاسِ"?', 'the retreater', ARRAY['and pure words', 'worship', 'give us'], 'الْخَنَّاسِ (al-Khannas) means "the retreater".', 5),
  ('quiz-sf-u2-l3-6', 'sf-u2-l3', 'What is the meaning of "يُوَسْوِسُ"?', 'who whispers', ARRAY['the straight', 'forgive', 'the Most Merciful'], 'يُوَسْوِسُ (yuwaswisu) means "who whispers".', 6),
  ('quiz-sf-u2-l3-7', 'sf-u2-l3', 'What is the meaning of "صُدُورِ"?', 'breasts/hearts', ARRAY['the blowers', 'the one cut off', 'worship'], 'صُدُورِ (sudoor) means "breasts/hearts".', 7),
  ('quiz-sf-u2-l3-8', 'sf-u2-l3', 'What is the meaning of "الْجِنَّةِ"?', 'the jinn', ARRAY['and to You (belongs)', 'believed', 'we worship'], 'الْجِنَّةِ (al-Jinnati) means "the jinn".', 8),
  ('quiz-sf-u2-l3-9', 'sf-u2-l3', 'Which word means "King of"?', 'مَلِكِ', ARRAY['النَّاسِ', 'إِلَهِ', 'الْخَنَّاسِ'], 'مَلِكِ (Maliki) means "King of".', 9),
  ('quiz-sf-u2-l3-10', 'sf-u2-l3', 'Which word means "the jinn"?', 'الْجِنَّةِ', ARRAY['الْخَنَّاسِ', 'يُوَسْوِسُ', 'إِلَهِ'], 'الْجِنَّةِ (al-Jinnati) means "the jinn".', 10)
ON CONFLICT (id) DO NOTHING;

-- Quiz: Root: Say (ق-و-ل)
INSERT INTO public.lesson_quiz_questions (id, lesson_id, question, correct_answer, wrong_answers, explanation, "order") VALUES
  ('quiz-sf-root-qwl-1', 'sf-root-qwl', 'Which of these words comes from the root ق-و-ل?', 'قُلْ', ARRAY['وَتَعَالَى', 'وَعَافِنِي', 'مَا'], 'قُلْ (Qul) comes from the root ق-و-ل which means "say, speech".', 1),
  ('quiz-sf-root-qwl-2', 'sf-root-qwl', 'What is the core meaning of the root ق-و-ل?', 'say, speech', ARRAY['send, messenger', 'to know, worlds', 'soul, self, breath'], 'The root ق-و-ل carries the meaning of "say, speech".', 2)
ON CONFLICT (id) DO NOTHING;

-- Quiz: Al-Asr: The Declining Time
INSERT INTO public.lesson_quiz_questions (id, lesson_id, question, correct_answer, wrong_answers, explanation, "order") VALUES
  ('quiz-sf-u3-l1-1', 'sf-u3-l1', 'What is the meaning of "وَالْعَصْرِ"?', 'By time', ARRAY['in the Lord of', 'Allah', 'good/blessing'], 'وَالْعَصْرِ (wal-''Asr) means "By time".', 1),
  ('quiz-sf-u3-l1-2', 'sf-u3-l1', 'What is the meaning of "الْإِنسَانَ"?', 'mankind', ARRAY['Guide us', 'Indeed You are', 'the daybreak'], 'الْإِنسَانَ (al-Insana) means "mankind".', 2),
  ('quiz-sf-u3-l1-3', 'sf-u3-l1', 'What is the meaning of "خُسْرٍ"?', 'loss', ARRAY['for me', 'a worshipper', 'those who earned wrath'], 'خُسْرٍ (khusr) means "loss".', 3),
  ('quiz-sf-u3-l1-4', 'sf-u3-l1', 'What is the meaning of "آمَنُوا"?', 'believed', ARRAY['trial/tribulation of', 'so pray', 'in the Lord of'], 'آمَنُوا (amanoo) means "believed".', 4),
  ('quiz-sf-u3-l1-5', 'sf-u3-l1', 'What is the meaning of "عَمِلُوا"?', 'did (deeds)', ARRAY['He begets', 'the Hereafter', 'and His blessings'], 'عَمِلُوا (''amiloo) means "did (deeds)".', 5),
  ('quiz-sf-u3-l1-6', 'sf-u3-l1', 'What is the meaning of "الصَّالِحَاتِ"?', 'righteous deeds', ARRAY['God of', 'life', 'Your name'], 'الصَّالِحَاتِ (as-Salihati) means "righteous deeds".', 6),
  ('quiz-sf-u3-l1-7', 'sf-u3-l1', 'What is the meaning of "تَوَاصَوْا"?', 'advised each other', ARRAY['Your majesty', 'His servant', 'except'], 'تَوَاصَوْا (tawasaw) means "advised each other".', 7),
  ('quiz-sf-u3-l1-8', 'sf-u3-l1', 'What is the meaning of "بِالْحَقِّ"?', 'with truth', ARRAY['the Most Merciful', 'Glory be to', 'has heard'], 'بِالْحَقِّ (bil-Haqqi) means "with truth".', 8),
  ('quiz-sf-u3-l1-9', 'sf-u3-l1', 'What is the meaning of "بِالصَّبْرِ"?', 'with patience', ARRAY['forgive', 'life', 'I bear witness'], 'بِالصَّبْرِ (bis-Sabr) means "with patience".', 9),
  ('quiz-sf-u3-l1-10', 'sf-u3-l1', 'Which word means "loss"?', 'خُسْرٍ', ARRAY['تَوَاصَوْا', 'بِالصَّبْرِ', 'بِالْحَقِّ'], 'خُسْرٍ (khusr) means "loss".', 10),
  ('quiz-sf-u3-l1-11', 'sf-u3-l1', 'Which word means "with patience"?', 'بِالصَّبْرِ', ARRAY['الْإِنسَانَ', 'عَمِلُوا', 'الصَّالِحَاتِ'], 'بِالصَّبْرِ (bis-Sabr) means "with patience".', 11)
ON CONFLICT (id) DO NOTHING;

-- Quiz: Al-Kawthar: The Abundance
INSERT INTO public.lesson_quiz_questions (id, lesson_id, question, correct_answer, wrong_answers, explanation, "order") VALUES
  ('quiz-sf-u3-l2-1', 'sf-u3-l2', 'What is the meaning of "أَعْطَيْنَاكَ"?', 'We have given you', ARRAY['the Day of', 'is He begotten', 'Peace'], 'أَعْطَيْنَاكَ (a''taynaaka) means "We have given you".', 1),
  ('quiz-sf-u3-l2-2', 'sf-u3-l2', 'What is the meaning of "الْكَوْثَرَ"?', 'the Abundance', ARRAY['a worshipper', 'Glory be to', 'and death'], 'الْكَوْثَرَ (al-Kawthar) means "the Abundance".', 2),
  ('quiz-sf-u3-l2-3', 'sf-u3-l2', 'What is the meaning of "فَصَلِّ"?', 'so pray', ARRAY['Allah', 'Praiseworthy', 'Indeed You are'], 'فَصَلِّ (fa-salli) means "so pray".', 3),
  ('quiz-sf-u3-l2-4', 'sf-u3-l2', 'What is the meaning of "لِرَبِّكَ"?', 'to your Lord', ARRAY['your religion', 'Say', 'You Alone'], 'لِرَبِّكَ (li-Rabbika) means "to your Lord".', 4),
  ('quiz-sf-u3-l2-5', 'sf-u3-l2', 'What is the meaning of "وَانْحَرْ"?', 'and sacrifice', ARRAY['Your majesty', 'we ask for help', 'and have mercy on me'], 'وَانْحَرْ (wanhar) means "and sacrifice".', 5),
  ('quiz-sf-u3-l2-6', 'sf-u3-l2', 'What is the meaning of "شَانِئَكَ"?', 'the one who hates you', ARRAY['what', 'in the Lord of', 'the Day of'], 'شَانِئَكَ (shani''aka) means "the one who hates you".', 6),
  ('quiz-sf-u3-l2-7', 'sf-u3-l2', 'What is the meaning of "الْأَبْتَرُ"?', 'the one cut off', ARRAY['Our Lord', 'Guide us', 'Your majesty'], 'الْأَبْتَرُ (al-Abtar) means "the one cut off".', 7),
  ('quiz-sf-u3-l2-8', 'sf-u3-l2', 'Which word means "so pray"?', 'فَصَلِّ', ARRAY['لِرَبِّكَ', 'الْكَوْثَرَ', 'الْأَبْتَرُ'], 'فَصَلِّ (fa-salli) means "so pray".', 8),
  ('quiz-sf-u3-l2-9', 'sf-u3-l2', 'Which word means "the one cut off"?', 'الْأَبْتَرُ', ARRAY['فَصَلِّ', 'لِرَبِّكَ', 'أَعْطَيْنَاكَ'], 'الْأَبْتَرُ (al-Abtar) means "the one cut off".', 9)
ON CONFLICT (id) DO NOTHING;

-- Quiz: Al-Kafirun: The Disbelievers
INSERT INTO public.lesson_quiz_questions (id, lesson_id, question, correct_answer, wrong_answers, explanation, "order") VALUES
  ('quiz-sf-u3-l3-1', 'sf-u3-l3', 'What is the meaning of "أَيُّهَا"?', 'O you', ARRAY['equivalent/comparable', 'the Magnificent', 'with patience'], 'أَيُّهَا (ayyuha) means "O you".', 1),
  ('quiz-sf-u3-l3-2', 'sf-u3-l3', 'What is the meaning of "الْكَافِرُونَ"?', 'the disbelievers', ARRAY['and protect us from', 'is He begotten', 'Peace'], 'الْكَافِرُونَ (al-Kafiroon) means "the disbelievers".', 2),
  ('quiz-sf-u3-l3-3', 'sf-u3-l3', 'What is the meaning of "لَا"?', 'I do not', ARRAY['He begets', 'the jinn', 'My Lord'], 'لَا (la) means "I do not".', 3),
  ('quiz-sf-u3-l3-4', 'sf-u3-l3', 'What is the meaning of "أَعْبُدُ"?', 'worship', ARRAY['One', 'and death', 'mankind'], 'أَعْبُدُ (a''budu) means "worship".', 4),
  ('quiz-sf-u3-l3-5', 'sf-u3-l3', 'What is the meaning of "تَعْبُدُونَ"?', 'you worship', ARRAY['and death', 'the Hereafter', 'with patience'], 'تَعْبُدُونَ (ta''budoona) means "you worship".', 5),
  ('quiz-sf-u3-l3-6', 'sf-u3-l3', 'What is the meaning of "عَابِدُونَ"?', 'worshippers of', ARRAY['the Most High', 'and His messenger', 'other than You'], 'عَابِدُونَ (''aabidoona) means "worshippers of".', 6),
  ('quiz-sf-u3-l3-7', 'sf-u3-l3', 'What is the meaning of "عَبَدتُّ"?', 'I have worshipped', ARRAY['Ibrahim (Abraham)', 'Say', 'and protect us from'], 'عَبَدتُّ (''abadtu) means "I have worshipped".', 7),
  ('quiz-sf-u3-l3-8', 'sf-u3-l3', 'What is the meaning of "عَابِدٌ"?', 'a worshipper', ARRAY['and sacrifice', 'is He begotten', 'All greetings'], 'عَابِدٌ (''aabid) means "a worshipper".', 8),
  ('quiz-sf-u3-l3-9', 'sf-u3-l3', 'What is the meaning of "دِينُكُمْ"?', 'your religion', ARRAY['is He begotten', 'the one who', 'in the Lord of'], 'دِينُكُمْ (deenukum) means "your religion".', 9),
  ('quiz-sf-u3-l3-10', 'sf-u3-l3', 'What is the meaning of "دِينِ"?', 'my religion', ARRAY['the blowers', 'and blessed is', 'family of'], 'دِينِ (deeni) means "my religion".', 10),
  ('quiz-sf-u3-l3-11', 'sf-u3-l3', 'Which word means "I do not"?', 'لَا', ARRAY['عَابِدٌ', 'دِينِ', 'عَبَدتُّ'], 'لَا (la) means "I do not".', 11),
  ('quiz-sf-u3-l3-12', 'sf-u3-l3', 'Which word means "O you"?', 'أَيُّهَا', ARRAY['عَبَدتُّ', 'عَابِدٌ', 'عَابِدُونَ'], 'أَيُّهَا (ayyuha) means "O you".', 12)
ON CONFLICT (id) DO NOTHING;

-- Quiz: Root: Deeds (ع-م-ل)
INSERT INTO public.lesson_quiz_questions (id, lesson_id, question, correct_answer, wrong_answers, explanation, "order") VALUES
  ('quiz-sf-root-aml-1', 'sf-root-aml', 'Which of these words comes from the root ع-م-ل?', 'عَمِلُوا', ARRAY['عَلَى', 'أَحَدٌ', 'الْعَظِيمِ'], 'عَمِلُوا (''amiloo) comes from the root ع-م-ل which means "action, deed, work".', 1),
  ('quiz-sf-root-aml-2', 'sf-root-aml', 'What is the core meaning of the root ع-م-ل?', 'action, deed, work', ARRAY['chest, breast', 'trial, temptation, test', 'anger, wrath'], 'The root ع-م-ل carries the meaning of "action, deed, work".', 2)
ON CONFLICT (id) DO NOTHING;

-- Quiz: Opening Dua: Glory to You, O Allah
INSERT INTO public.lesson_quiz_questions (id, lesson_id, question, correct_answer, wrong_answers, explanation, "order") VALUES
  ('quiz-sf-u4-l1-1', 'sf-u4-l1', 'What is the meaning of "سُبْحَانَكَ"?', 'Glory be to You', ARRAY['in the Lord of', 'You Alone', 'O Prophet'], 'سُبْحَانَكَ (Subhanaka) means "Glory be to You".', 1),
  ('quiz-sf-u4-l1-2', 'sf-u4-l1', 'What is the meaning of "اللَّهُمَّ"?', 'O Allah', ARRAY['is He begotten', 'we ask for help', 'loss'], 'اللَّهُمَّ (Allahumma) means "O Allah".', 2),
  ('quiz-sf-u4-l1-3', 'sf-u4-l1', 'What is the meaning of "وَبِحَمْدِكَ"?', 'and with Your praise', ARRAY['those who earned wrath', 'You Alone', 'Allah'], 'وَبِحَمْدِكَ (wa bi-Hamdika) means "and with Your praise".', 3),
  ('quiz-sf-u4-l1-4', 'sf-u4-l1', 'What is the meaning of "وَتَبَارَكَ"?', 'and blessed is', ARRAY['Glory be to', 'and provide for me', 'my Lord'], 'وَتَبَارَكَ (wa Tabaraka) means "and blessed is".', 4),
  ('quiz-sf-u4-l1-5', 'sf-u4-l1', 'What is the meaning of "اسْمُكَ"?', 'Your name', ARRAY['the Fire', 'King of', 'the jinn'], 'اسْمُكَ (Ismuka) means "Your name".', 5),
  ('quiz-sf-u4-l1-6', 'sf-u4-l1', 'What is the meaning of "وَتَعَالَى"?', 'and exalted is', ARRAY['you worship', 'He begets', 'Glory be to'], 'وَتَعَالَى (wa Ta''aala) means "and exalted is".', 6),
  ('quiz-sf-u4-l1-7', 'sf-u4-l1', 'What is the meaning of "جَدُّكَ"?', 'Your majesty', ARRAY['what', 'those who', 'the Abundance'], 'جَدُّكَ (Jadduka) means "Your majesty".', 7),
  ('quiz-sf-u4-l1-8', 'sf-u4-l1', 'What is the meaning of "إِلَهَ"?', 'god/deity', ARRAY['He is', 'the one cut off', 'the blowers'], 'إِلَهَ (ilaha) means "god/deity".', 8),
  ('quiz-sf-u4-l1-9', 'sf-u4-l1', 'What is the meaning of "غَيْرُكَ"?', 'other than You', ARRAY['when it settles', 'good/blessing', 'worship'], 'غَيْرُكَ (ghayruka) means "other than You".', 9),
  ('quiz-sf-u4-l1-10', 'sf-u4-l1', 'Which word means "and exalted is"?', 'وَتَعَالَى', ARRAY['وَبِحَمْدِكَ', 'غَيْرُكَ', 'اللَّهُمَّ'], 'وَتَعَالَى (wa Ta''aala) means "and exalted is".', 10),
  ('quiz-sf-u4-l1-11', 'sf-u4-l1', 'Which word means "and with Your praise"?', 'وَبِحَمْدِكَ', ARRAY['وَتَبَارَكَ', 'سُبْحَانَكَ', 'اللَّهُمَّ'], 'وَبِحَمْدِكَ (wa bi-Hamdika) means "and with Your praise".', 11)
ON CONFLICT (id) DO NOTHING;

-- Quiz: Ruku & Rising: Glory and Praise
INSERT INTO public.lesson_quiz_questions (id, lesson_id, question, correct_answer, wrong_answers, explanation, "order") VALUES
  ('quiz-sf-u4-l2-1', 'sf-u4-l2', 'What is the meaning of "سُبْحَانَ"?', 'Glory be to', ARRAY['worship', 'and prayers', 'breasts/hearts'], 'سُبْحَانَ (Subhana) means "Glory be to".', 1),
  ('quiz-sf-u4-l2-2', 'sf-u4-l2', 'What is the meaning of "رَبِّيَ"?', 'my Lord', ARRAY['evil/harm of', 'the Day of', 'the one who hates you'], 'رَبِّيَ (Rabbiya) means "my Lord".', 2),
  ('quiz-sf-u4-l2-3', 'sf-u4-l2', 'What is the meaning of "الْعَظِيمِ"?', 'the Magnificent', ARRAY['and prayers', 'Allah (God)', 'You sent blessings'], 'الْعَظِيمِ (al-''Adheemi) means "the Magnificent".', 3),
  ('quiz-sf-u4-l2-4', 'sf-u4-l2', 'What is the meaning of "سَمِعَ"?', 'has heard', ARRAY['Your name', 'is He begotten', 'I have worshipped'], 'سَمِعَ (Sami''a) means "has heard".', 4),
  ('quiz-sf-u4-l2-5', 'sf-u4-l2', 'What is the meaning of "اللَّهُ"?', 'Allah', ARRAY['Glorious', 'upon them', 'there is'], 'اللَّهُ (Allahu) means "Allah".', 5),
  ('quiz-sf-u4-l2-6', 'sf-u4-l2', 'What is the meaning of "لِمَنْ"?', 'the one who', ARRAY['the Judgment', 'the Most Merciful', 'just as'], 'لِمَنْ (liman) means "the one who".', 6),
  ('quiz-sf-u4-l2-7', 'sf-u4-l2', 'What is the meaning of "حَمِدَهُ"?', 'praises Him', ARRAY['worship', 'the knots', 'and His blessings'], 'حَمِدَهُ (hamidahu) means "praises Him".', 7),
  ('quiz-sf-u4-l2-8', 'sf-u4-l2', 'What is the meaning of "رَبَّنَا"?', 'Our Lord', ARRAY['except', 'is He begotten', 'darkness'], 'رَبَّنَا (Rabbana) means "Our Lord".', 8),
  ('quiz-sf-u4-l2-9', 'sf-u4-l2', 'What is the meaning of "وَلَكَ"?', 'and to You (belongs)', ARRAY['O you', 'other than You', 'and with Your praise'], 'وَلَكَ (wa laka) means "and to You (belongs)".', 9),
  ('quiz-sf-u4-l2-10', 'sf-u4-l2', 'What is the meaning of "الْحَمْدُ"?', 'all praise', ARRAY['my religion', 'there is', 'when he envies'], 'الْحَمْدُ (al-Hamd) means "all praise".', 10),
  ('quiz-sf-u4-l2-11', 'sf-u4-l2', 'Which word means "all praise"?', 'الْحَمْدُ', ARRAY['حَمِدَهُ', 'رَبِّيَ', 'لِمَنْ'], 'الْحَمْدُ (al-Hamd) means "all praise".', 11),
  ('quiz-sf-u4-l2-12', 'sf-u4-l2', 'Which word means "the Magnificent"?', 'الْعَظِيمِ', ARRAY['الْحَمْدُ', 'لِمَنْ', 'سَمِعَ'], 'الْعَظِيمِ (al-''Adheemi) means "the Magnificent".', 12)
ON CONFLICT (id) DO NOTHING;

-- Quiz: Root: Glory (س-ب-ح)
INSERT INTO public.lesson_quiz_questions (id, lesson_id, question, correct_answer, wrong_answers, explanation, "order") VALUES
  ('quiz-sf-root-sbh-1', 'sf-root-sbh', 'Which of these words comes from the root س-ب-ح?', 'سُبْحَانَكَ', ARRAY['عَلَى', 'مَالِكِ', 'وَقِنَا'], 'سُبْحَانَكَ (Subhanaka) comes from the root س-ب-ح which means "glory, exalt, swim".', 1),
  ('quiz-sf-root-sbh-2', 'sf-root-sbh', 'What is the core meaning of the root س-ب-ح?', 'glory, exalt, swim', ARRAY['punishment, torment', 'hate, detest', 'evil, harm'], 'The root س-ب-ح carries the meaning of "glory, exalt, swim".', 2),
  ('quiz-sf-root-sbh-3', 'sf-root-sbh', 'How many words you''ve learned come from the root س-ب-ح?', '2', ARRAY['1', '3', '4'], '2 words derive from س-ب-ح: سُبْحَانَكَ, سُبْحَانَ.', 3)
ON CONFLICT (id) DO NOTHING;

-- Quiz: Root: Praise (ح-م-د)
INSERT INTO public.lesson_quiz_questions (id, lesson_id, question, correct_answer, wrong_answers, explanation, "order") VALUES
  ('quiz-sf-root-hmd-1', 'sf-root-hmd', 'Which of these words comes from the root ح-م-د?', 'الْحَمْدُ', ARRAY['وَالصَّلَوَاتُ', 'الضَّالِّينَ', 'الرَّحِيمِ'], 'الْحَمْدُ (al-Hamdu) comes from the root ح-م-د which means "praise, commendation".', 1),
  ('quiz-sf-root-hmd-2', 'sf-root-hmd', 'What is the core meaning of the root ح-م-د?', 'praise, commendation', ARRAY['king, dominion, authority', 'give, grant', 'people, mankind'], 'The root ح-م-د carries the meaning of "praise, commendation".', 2),
  ('quiz-sf-root-hmd-3', 'sf-root-hmd', 'How many words you''ve learned come from the root ح-م-د?', '6', ARRAY['1', '2', '3'], '6 words derive from ح-م-د: الْحَمْدُ, وَبِحَمْدِكَ, حَمِدَهُ, الْحَمْدُ, مُحَمَّدٍ, حَمِيدٌ.', 3)
ON CONFLICT (id) DO NOTHING;

-- Quiz: Sujood: The Nearest Position
INSERT INTO public.lesson_quiz_questions (id, lesson_id, question, correct_answer, wrong_answers, explanation, "order") VALUES
  ('quiz-sf-u5-l1-1', 'sf-u5-l1', 'What is the meaning of "الْأَعْلَى"?', 'the Most High', ARRAY['O Prophet', 'All greetings', 'not (other than)'], 'الْأَعْلَى (al-A''la) means "the Most High".', 1),
  ('quiz-sf-u5-l1-2', 'sf-u5-l1', 'What is the meaning of "رَبِّ"?', 'My Lord', ARRAY['and protect us from', 'all praise', 'We have given you'], 'رَبِّ (Rabbi) means "My Lord".', 2),
  ('quiz-sf-u5-l1-3', 'sf-u5-l1', 'What is the meaning of "اغْفِرْ"?', 'forgive', ARRAY['Glory be to You', 'and death', 'the whisperer'], 'اغْفِرْ (ighfir) means "forgive".', 3),
  ('quiz-sf-u5-l1-4', 'sf-u5-l1', 'What is the meaning of "لِي"?', 'for me', ARRAY['Allah', 'the Fire', 'and His messenger'], 'لِي (li) means "for me".', 4),
  ('quiz-sf-u5-l1-5', 'sf-u5-l1', 'What is the meaning of "وَارْحَمْنِي"?', 'and have mercy on me', ARRAY['All praise', 'good/blessing', 'God of'], 'وَارْحَمْنِي (warhamni) means "and have mercy on me".', 5),
  ('quiz-sf-u5-l1-6', 'sf-u5-l1', 'What is the meaning of "وَاهْدِنِي"?', 'and guide me', ARRAY['Peace', 'Ibrahim (Abraham)', 'when it settles'], 'وَاهْدِنِي (wahdini) means "and guide me".', 6),
  ('quiz-sf-u5-l1-7', 'sf-u5-l1', 'What is the meaning of "وَارْزُقْنِي"?', 'and provide for me', ARRAY['your religion', 'I seek refuge', 'and pure words'], 'وَارْزُقْنِي (warzuqni) means "and provide for me".', 7),
  ('quiz-sf-u5-l1-8', 'sf-u5-l1', 'What is the meaning of "وَعَافِنِي"?', 'and grant me wellbeing', ARRAY['and pure words', 'Allah', 'Your majesty'], 'وَعَافِنِي (wa''afini) means "and grant me wellbeing".', 8),
  ('quiz-sf-u5-l1-9', 'sf-u5-l1', 'Which word means "and grant me wellbeing"?', 'وَعَافِنِي', ARRAY['وَاهْدِنِي', 'لِي', 'وَارْحَمْنِي'], 'وَعَافِنِي (wa''afini) means "and grant me wellbeing".', 9),
  ('quiz-sf-u5-l1-10', 'sf-u5-l1', 'Which word means "My Lord"?', 'رَبِّ', ARRAY['وَارْحَمْنِي', 'الْأَعْلَى', 'لِي'], 'رَبِّ (Rabbi) means "My Lord".', 10)
ON CONFLICT (id) DO NOTHING;

-- Quiz: Tashahhud: Greetings to Allah
INSERT INTO public.lesson_quiz_questions (id, lesson_id, question, correct_answer, wrong_answers, explanation, "order") VALUES
  ('quiz-sf-u5-l2-1', 'sf-u5-l2', 'What is the meaning of "التَّحِيَّاتُ"?', 'All greetings', ARRAY['you worship', 'and blessed is', 'All praise'], 'التَّحِيَّاتُ (at-Tahiyyatu) means "All greetings".', 1),
  ('quiz-sf-u5-l2-2', 'sf-u5-l2', 'What is the meaning of "وَالصَّلَوَاتُ"?', 'and prayers', ARRAY['the one cut off', 'the straight', 'Our Lord'], 'وَالصَّلَوَاتُ (was-Salawatu) means "and prayers".', 2),
  ('quiz-sf-u5-l2-3', 'sf-u5-l2', 'What is the meaning of "وَالطَّيِّبَاتُ"?', 'and pure words', ARRAY['and exalted is', 'King of', 'and death'], 'وَالطَّيِّبَاتُ (wat-Tayyibatu) means "and pure words".', 3),
  ('quiz-sf-u5-l2-4', 'sf-u5-l2', 'What is the meaning of "السَّلَامُ"?', 'Peace', ARRAY['the daybreak', 'the disbelievers', 'and provide for me'], 'السَّلَامُ (as-Salamu) means "Peace".', 4),
  ('quiz-sf-u5-l2-5', 'sf-u5-l2', 'What is the meaning of "عَلَيْكَ"?', 'upon you', ARRAY['you worship', 'King of', 'Your name'], 'عَلَيْكَ (''alayka) means "upon you".', 5),
  ('quiz-sf-u5-l2-6', 'sf-u5-l2', 'What is the meaning of "النَّبِيُّ"?', 'O Prophet', ARRAY['the Most High', 'the Day of', 'the blowers'], 'النَّبِيُّ (an-Nabiyyu) means "O Prophet".', 6),
  ('quiz-sf-u5-l2-7', 'sf-u5-l2', 'What is the meaning of "وَرَحْمَةُ"?', 'and the mercy of', ARRAY['evil/harm of', 'has heard', 'your religion'], 'وَرَحْمَةُ (wa Rahmatu) means "and the mercy of".', 7),
  ('quiz-sf-u5-l2-8', 'sf-u5-l2', 'What is the meaning of "وَبَرَكَاتُهُ"?', 'and His blessings', ARRAY['not (other than)', 'we ask for help', 'with patience'], 'وَبَرَكَاتُهُ (wa Barakatuhu) means "and His blessings".', 8),
  ('quiz-sf-u5-l2-9', 'sf-u5-l2', 'What is the meaning of "عَلَيْنَا"?', 'upon us', ARRAY['the Most High', 'breasts/hearts', 'He begets'], 'عَلَيْنَا (''alayna) means "upon us".', 9),
  ('quiz-sf-u5-l2-10', 'sf-u5-l2', 'What is the meaning of "عِبَادِ"?', 'servants of', ARRAY['the path', 'Guide us', 'You sent blessings'], 'عِبَادِ (''ibadi) means "servants of".', 10),
  ('quiz-sf-u5-l2-11', 'sf-u5-l2', 'What is the meaning of "الصَّالِحِينَ"?', 'the righteous', ARRAY['Glorious', 'good/blessing', 'those who'], 'الصَّالِحِينَ (as-Saliheen) means "the righteous".', 11),
  ('quiz-sf-u5-l2-12', 'sf-u5-l2', 'What is the meaning of "أَشْهَدُ"?', 'I bear witness', ARRAY['the Most Merciful', 'You sent blessings', 'Ibrahim (Abraham)'], 'أَشْهَدُ (Ash-hadu) means "I bear witness".', 12),
  ('quiz-sf-u5-l2-13', 'sf-u5-l2', 'What is the meaning of "إِلَّا"?', 'except', ARRAY['believed', 'you worship', 'not (other than)'], 'إِلَّا (illa) means "except".', 13),
  ('quiz-sf-u5-l2-14', 'sf-u5-l2', 'What is the meaning of "مُحَمَّدًا"?', 'Muhammad', ARRAY['Allah', 'so pray', 'and exalted is'], 'مُحَمَّدًا (Muhammadan) means "Muhammad".', 14),
  ('quiz-sf-u5-l2-15', 'sf-u5-l2', 'What is the meaning of "عَبْدُهُ"?', 'His servant', ARRAY['and death', 'in this world', 'those who'], 'عَبْدُهُ (''abduhu) means "His servant".', 15),
  ('quiz-sf-u5-l2-16', 'sf-u5-l2', 'What is the meaning of "وَرَسُولُهُ"?', 'and His messenger', ARRAY['and grant me wellbeing', 'the worlds', 'You Alone'], 'وَرَسُولُهُ (wa Rasooluhu) means "and His messenger".', 16),
  ('quiz-sf-u5-l2-17', 'sf-u5-l2', 'Which word means "and prayers"?', 'وَالصَّلَوَاتُ', ARRAY['التَّحِيَّاتُ', 'وَرَحْمَةُ', 'عِبَادِ'], 'وَالصَّلَوَاتُ (was-Salawatu) means "and prayers".', 17),
  ('quiz-sf-u5-l2-18', 'sf-u5-l2', 'Which word means "His servant"?', 'عَبْدُهُ', ARRAY['السَّلَامُ', 'وَالطَّيِّبَاتُ', 'التَّحِيَّاتُ'], 'عَبْدُهُ (''abduhu) means "His servant".', 18)
ON CONFLICT (id) DO NOTHING;

-- Quiz: Root: Forgiveness (غ-ف-ر)
INSERT INTO public.lesson_quiz_questions (id, lesson_id, question, correct_answer, wrong_answers, explanation, "order") VALUES
  ('quiz-sf-root-ghfr-1', 'sf-root-ghfr', 'Which of these words comes from the root غ-ف-ر?', 'اغْفِرْ', ARRAY['يُوَسْوِسُ', 'وَتَعَالَى', 'إِلَهِ'], 'اغْفِرْ (ighfir) comes from the root غ-ف-ر which means "forgive, cover, pardon".', 1),
  ('quiz-sf-root-ghfr-2', 'sf-root-ghfr', 'What is the core meaning of the root غ-ف-ر?', 'forgive, cover, pardon', ARRAY['king, dominion, authority', 'tie, knot', 'to know, worlds'], 'The root غ-ف-ر carries the meaning of "forgive, cover, pardon".', 2)
ON CONFLICT (id) DO NOTHING;

-- Quiz: Durood: Blessings Upon the Prophet
INSERT INTO public.lesson_quiz_questions (id, lesson_id, question, correct_answer, wrong_answers, explanation, "order") VALUES
  ('quiz-sf-u6-l1-1', 'sf-u6-l1', 'What is the meaning of "صَلِّ"?', 'send blessings', ARRAY['God of', 'and guide me', 'King of'], 'صَلِّ (salli) means "send blessings".', 1),
  ('quiz-sf-u6-l1-2', 'sf-u6-l1', 'What is the meaning of "عَلَى"?', 'upon', ARRAY['not (other than)', 'You Alone', 'and the mercy of'], 'عَلَى (''ala) means "upon".', 2),
  ('quiz-sf-u6-l1-3', 'sf-u6-l1', 'What is the meaning of "مُحَمَّدٍ"?', 'Muhammad', ARRAY['Allah', 'the worlds', 'the Abundance'], 'مُحَمَّدٍ (Muhammadin) means "Muhammad".', 3),
  ('quiz-sf-u6-l1-4', 'sf-u6-l1', 'What is the meaning of "آلِ"?', 'family of', ARRAY['and pure words', 'punishment of', 'Your majesty'], 'آلِ (Aali) means "family of".', 4),
  ('quiz-sf-u6-l1-5', 'sf-u6-l1', 'What is the meaning of "كَمَا"?', 'just as', ARRAY['I do not', 'My Lord', 'to your Lord'], 'كَمَا (kama) means "just as".', 5),
  ('quiz-sf-u6-l1-6', 'sf-u6-l1', 'What is the meaning of "صَلَّيْتَ"?', 'You sent blessings', ARRAY['the knots', 'Allah', 'Glory be to You'], 'صَلَّيْتَ (sallayta) means "You sent blessings".', 6),
  ('quiz-sf-u6-l1-7', 'sf-u6-l1', 'What is the meaning of "إِبْرَاهِيمَ"?', 'Ibrahim (Abraham)', ARRAY['and provide for me', 'life', 'and pure words'], 'إِبْرَاهِيمَ (Ibraheema) means "Ibrahim (Abraham)".', 7),
  ('quiz-sf-u6-l1-8', 'sf-u6-l1', 'What is the meaning of "إِنَّكَ"?', 'Indeed You are', ARRAY['what', 'the Judgment', 'the Abundance'], 'إِنَّكَ (Innaka) means "Indeed You are".', 8),
  ('quiz-sf-u6-l1-9', 'sf-u6-l1', 'What is the meaning of "حَمِيدٌ"?', 'Praiseworthy', ARRAY['my religion', 'in this world', 'worshippers of'], 'حَمِيدٌ (Hameedun) means "Praiseworthy".', 9),
  ('quiz-sf-u6-l1-10', 'sf-u6-l1', 'What is the meaning of "مَجِيدٌ"?', 'Glorious', ARRAY['in You', 'He created', 'You Alone'], 'مَجِيدٌ (Majeedun) means "Glorious".', 10),
  ('quiz-sf-u6-l1-11', 'sf-u6-l1', 'Which word means "family of"?', 'آلِ', ARRAY['حَمِيدٌ', 'إِنَّكَ', 'عَلَى'], 'آلِ (Aali) means "family of".', 11),
  ('quiz-sf-u6-l1-12', 'sf-u6-l1', 'Which word means "upon"?', 'عَلَى', ARRAY['صَلَّيْتَ', 'حَمِيدٌ', 'صَلِّ'], 'عَلَى (''ala) means "upon".', 12)
ON CONFLICT (id) DO NOTHING;

-- Quiz: Final Dua: Before the Salam
INSERT INTO public.lesson_quiz_questions (id, lesson_id, question, correct_answer, wrong_answers, explanation, "order") VALUES
  ('quiz-sf-u6-l2-1', 'sf-u6-l2', 'What is the meaning of "آتِنَا"?', 'give us', ARRAY['is for Allah', 'the Eternal Refuge', 'when it settles'], 'آتِنَا (aatina) means "give us".', 1),
  ('quiz-sf-u6-l2-2', 'sf-u6-l2', 'What is the meaning of "فِي الدُّنْيَا"?', 'in this world', ARRAY['Master/Owner of', 'You sent blessings', 'I bear witness'], 'فِي الدُّنْيَا (fid-dunya) means "in this world".', 2),
  ('quiz-sf-u6-l2-3', 'sf-u6-l2', 'What is the meaning of "حَسَنَةً"?', 'good/blessing', ARRAY['servants of', 'and blessed is', 'worship'], 'حَسَنَةً (hasanatan) means "good/blessing".', 3),
  ('quiz-sf-u6-l2-4', 'sf-u6-l2', 'What is the meaning of "الْآخِرَةِ"?', 'the Hereafter', ARRAY['those who', 'upon them', 'By time'], 'الْآخِرَةِ (al-Aakhirati) means "the Hereafter".', 4),
  ('quiz-sf-u6-l2-5', 'sf-u6-l2', 'What is the meaning of "وَقِنَا"?', 'and protect us from', ARRAY['breasts/hearts', 'advised each other', 'You Alone'], 'وَقِنَا (wa qina) means "and protect us from".', 5),
  ('quiz-sf-u6-l2-6', 'sf-u6-l2', 'What is the meaning of "عَذَابَ"?', 'punishment of', ARRAY['By time', 'my Lord', 'you worship'], 'عَذَابَ (''adhaba) means "punishment of".', 6),
  ('quiz-sf-u6-l2-7', 'sf-u6-l2', 'What is the meaning of "النَّارِ"?', 'the Fire', ARRAY['I seek refuge', 'O you', 'the Day of'], 'النَّارِ (an-Nari) means "the Fire".', 7),
  ('quiz-sf-u6-l2-8', 'sf-u6-l2', 'What is the meaning of "أَعُوذُ"?', 'I seek refuge', ARRAY['Your name', 'is He begotten', 'and guide me'], 'أَعُوذُ (a''oodhu) means "I seek refuge".', 8),
  ('quiz-sf-u6-l2-9', 'sf-u6-l2', 'What is the meaning of "بِكَ"?', 'in You', ARRAY['has heard', 'evil/harm of', 'when he envies'], 'بِكَ (bika) means "in You".', 9),
  ('quiz-sf-u6-l2-10', 'sf-u6-l2', 'What is the meaning of "فِتْنَةِ"?', 'trial/tribulation of', ARRAY['the whisperer', 'All praise', 'the straight'], 'فِتْنَةِ (fitnati) means "trial/tribulation of".', 10),
  ('quiz-sf-u6-l2-11', 'sf-u6-l2', 'What is the meaning of "الْمَحْيَا"?', 'life', ARRAY['the daybreak', 'all praise', 'evil/harm of'], 'الْمَحْيَا (al-Mahya) means "life".', 11),
  ('quiz-sf-u6-l2-12', 'sf-u6-l2', 'What is the meaning of "وَالْمَمَاتِ"?', 'and death', ARRAY['is He begotten', 'the Judgment', 'the jinn'], 'وَالْمَمَاتِ (wal-Mamati) means "and death".', 12),
  ('quiz-sf-u6-l2-13', 'sf-u6-l2', 'Which word means "life"?', 'الْمَحْيَا', ARRAY['حَسَنَةً', 'فِي الدُّنْيَا', 'فِتْنَةِ'], 'الْمَحْيَا (al-Mahya) means "life".', 13),
  ('quiz-sf-u6-l2-14', 'sf-u6-l2', 'Which word means "the Fire"?', 'النَّارِ', ARRAY['حَسَنَةً', 'الْآخِرَةِ', 'فِي الدُّنْيَا'], 'النَّارِ (an-Nari) means "the Fire".', 14)
ON CONFLICT (id) DO NOTHING;

-- Quiz: Root: Peace (س-ل-م)
INSERT INTO public.lesson_quiz_questions (id, lesson_id, question, correct_answer, wrong_answers, explanation, "order") VALUES
  ('quiz-sf-root-slm-1', 'sf-root-slm', 'Which of these words comes from the root س-ل-م?', 'السَّلَامُ', ARRAY['سُبْحَانَكَ', 'مَالِكِ', 'آلِ'], 'السَّلَامُ (as-Salamu) comes from the root س-ل-م which means "peace, submission, safety".', 1),
  ('quiz-sf-root-slm-2', 'sf-root-slm', 'What is the core meaning of the root س-ل-م?', 'peace, submission, safety', ARRAY['king, dominion, authority', 'sacrifice, slaughter', 'evil, harm'], 'The root س-ل-م carries the meaning of "peace, submission, safety".', 2)
ON CONFLICT (id) DO NOTHING;

-- Quiz: Root: Prayer (ص-ل-و)
INSERT INTO public.lesson_quiz_questions (id, lesson_id, question, correct_answer, wrong_answers, explanation, "order") VALUES
  ('quiz-sf-root-slw-1', 'sf-root-slw', 'Which of these words comes from the root ص-ل-و?', 'فَصَلِّ', ARRAY['بِرَبِّ', 'إِلَّا', 'مَالِكِ'], 'فَصَلِّ (fa-salli) comes from the root ص-ل-و which means "prayer, connection".', 1),
  ('quiz-sf-root-slw-2', 'sf-root-slw', 'What is the core meaning of the root ص-ل-و?', 'prayer, connection', ARRAY['name, attribute', 'death, die', 'high, exalted'], 'The root ص-ل-و carries the meaning of "prayer, connection".', 2),
  ('quiz-sf-root-slw-3', 'sf-root-slw', 'How many words you''ve learned come from the root ص-ل-و?', '4', ARRAY['1', '2', '3'], '4 words derive from ص-ل-و: فَصَلِّ, وَالصَّلَوَاتُ, صَلِّ, صَلَّيْتَ.', 3)
ON CONFLICT (id) DO NOTHING;

-- ============================================================
-- High Frequency Pathway (preserved from original seed)
-- ============================================================

INSERT INTO public.pathways (id, name, slug, description, promise, total_words, total_units, preview_items, is_active)
VALUES (
  'high-frequency',
  'High Frequency',
  'high-frequency',
  '80% of Quranic vocabulary.',
  'Learn the most common words in the Quran',
  50,
  1,
  ARRAY['وَ', 'فِي', 'مِن'],
  true
)
ON CONFLICT (id) DO NOTHING;

INSERT INTO public.units (id, pathway_id, name, description, "order", word_count)
VALUES (
  'hf-u1-particles',
  'high-frequency',
  'Common Particles',
  'The most frequently occurring particles in the Quran',
  1,
  3
)
ON CONFLICT (id) DO NOTHING;

INSERT INTO public.lessons (id, unit_id, name, "order", word_count, lesson_type)
VALUES
  ('hf-u1-l1-wa',  'hf-u1-particles', 'The Connector: Wa',  1, 1, 'frequency'),
  ('hf-u1-l2-fi',  'hf-u1-particles', 'The Vessel: Fi',     2, 1, 'frequency'),
  ('hf-u1-l3-min', 'hf-u1-particles', 'The Origin: Min',    3, 1, 'frequency')
ON CONFLICT (id) DO NOTHING;

INSERT INTO public.words (id, lesson_id, arabic, transliteration, meaning, "order", frequency, description)
VALUES
  ('w-wa',  'hf-u1-l1-wa',  'وَ',  'Wa',  'And',   1, 9800,
   'The most common particle. It connects ideas, stories, and blessings.'),
  ('w-fi',  'hf-u1-l2-fi',  'فِي', 'Fi',  'In',    1, 3200,
   'Places things within context. Where something exists or occurs.'),
  ('w-min', 'hf-u1-l3-min', 'مِن', 'Min', 'From',  1, 3000,
   'Indicates origin, source, and the beginning of journeys.')
ON CONFLICT (id) DO NOTHING;

INSERT INTO public.frequency_word_examples (id, word_id, arabic, transliteration, meaning, "order")
VALUES
  ('fex-wa-1', 'w-wa', 'وَالشَّمْسِ',  'Wash-shams',    'And the sun',       1),
  ('fex-wa-2', 'w-wa', 'وَالْقَمَرِ',  'Wal-qamar',     'And the moon',      2),
  ('fex-wa-3', 'w-wa', 'وَالنَّهَارِ', 'Wan-nahar',     'And the day',       3),
  ('fex-fi-1', 'w-fi', 'فِي الْأَرْضِ',  'Fil-ard',       'In the earth',      1),
  ('fex-fi-2', 'w-fi', 'فِي السَّمَاءِ',  'Fis-samaa',     'In the sky',        2),
  ('fex-fi-3', 'w-fi', 'فِي قُلُوبِهِمْ',  'Fi quloobihim', 'In their hearts',   3),
  ('fex-min-1', 'w-min', 'مِنَ السَّمَاءِ', 'Minas-samaa',   'From the sky',      1),
  ('fex-min-2', 'w-min', 'مِن رَبِّكَ',    'Min rabbik',    'From your Lord',    2),
  ('fex-min-3', 'w-min', 'مِنَ النَّاسِ',  'Minan-naas',    'From mankind',      3)
ON CONFLICT (id) DO NOTHING;
